Time(s),Gyro Heading(deg),Mag Heading(deg),Integrated Heading(deg)
0.000000,-1.542892,-1.542892,-1.542892
0.500000,-1.943963,-3.797893,-2.443963
1.000000,-2.173146,0.752456,-3.173146
1.500000,-2.860695,0.414898,-4.360695
2.000000,-3.771698,-0.556803,-5.771698
2.500000,-4.086825,0.516719,-6.586825
3.000000,-4.035259,0.316633,-7.035259
3.500000,-4.384763,1.111880,-7.884763
4.000000,-5.238470,-3.369980,-9.238470
4.500000,-5.507760,-0.477228,-10.007760
5.000000,-5.673918,-0.253417,-10.673918
5.500000,-6.109366,0.649744,-11.609366
6.000000,-6.814104,-1.791630,-12.814104
6.500000,-7.238093,2.774990,-13.738093
7.000000,-7.501653,-0.710191,-14.501653
7.500000,-7.805321,1.390454,-15.305321
8.000000,-7.908453,-2.335210,-15.908453
8.500000,-8.131907,-2.759250,-16.631907
9.000000,-8.429845,-1.740491,-17.429845
9.500000,-8.464222,7.057185,-17.964222
10.000000,-8.676217,3.352187,-18.676217
10.500000,-9.203338,1.428252,-19.703338
11.000000,-9.856510,1.503776,-20.856510
11.500000,-10.503952,-0.122234,-22.003952
12.000000,-11.059721,-0.158678,-23.059721
12.500000,-11.329011,0.403289,-23.829011
13.000000,-12.016561,-1.210807,-25.016561
13.500000,-12.635355,-1.904887,-26.135355
14.000000,-13.156747,-1.509883,-27.156747
14.500000,-13.592195,1.363517,-28.092195
15.000000,-13.953158,-3.074326,-28.953158
15.500000,-14.875620,-5.105257,-30.375620
16.000000,-15.614736,-2.660231,-31.614736
16.500000,-15.826730,-0.115557,-32.326730
17.000000,-15.717868,-1.703993,-32.717868
17.500000,-15.912674,-2.450731,-33.412674
18.000000,-16.273637,-1.736092,-34.273637
18.500000,-16.325203,-0.803179,-34.825203
19.000000,-16.176234,-1.495078,-35.176234
19.500000,-16.795029,2.582791,-36.295029
20.000000,-17.448201,0.993107,-37.448201
20.500000,-17.791975,-0.406492,-38.291975
21.000000,-18.513902,-1.361401,-39.513902
21.500000,-18.960809,3.940437,-40.460809
22.000000,-19.333232,-1.416992,-41.333232
22.500000,-20.032240,-2.367992,-42.532240
23.000000,-20.141102,1.739781,-43.141102
23.500000,-20.588009,1.193001,-44.088009
24.000000,-20.805733,-2.845885,-44.805733
24.500000,-21.464635,0.059443,-45.964635
25.000000,-22.255317,1.246173,-47.255317
25.500000,-22.839734,-0.478792,-48.339734
26.000000,-23.412691,-0.181028,-49.412691
26.500000,-23.974190,-4.061682,-50.474190
27.000000,-24.512770,-1.040935,-51.512770
27.500000,-25.171672,3.567833,-52.671672
28.000000,-25.727441,-0.586167,-53.727441
28.500000,-26.128511,0.518148,-54.628511
29.000000,-26.437908,-4.208093,-55.437908
29.500000,-26.283210,-2.534166,-55.783210
30.000000,-26.277480,-2.979599,-56.277480
30.500000,-26.987948,-1.073275,-57.487948
31.000000,-27.199942,1.588802,-58.199942
31.500000,-27.469233,-0.435642,-58.969233
32.000000,-27.434855,3.264413,-59.434855
32.500000,-28.363047,-1.201424,-60.863047
33.000000,-29.503233,-4.329778,-62.503233
33.500000,-29.331345,-1.927503,-62.831345
34.000000,-29.474585,1.031886,-63.474585
34.500000,-14.738110,15.857882,-49.238110
35.000000,-0.013095,28.988561,-35.013095
35.500000,14.815053,44.631796,-20.684947
36.000000,29.792170,61.281786,-6.207830
36.500000,44.299461,77.038573,7.799461
37.000000,58.577569,88.989855,21.577569
37.500000,72.540551,105.501101,35.040551
38.000000,86.606664,116.779181,48.606664
38.500000,101.148333,128.468027,62.648333
39.000000,115.260284,144.842699,76.260284
39.500000,130.386370,166.221427,90.886370
40.000000,145.478078,178.996127,105.478078
40.500000,145.214517,179.213580,104.714517
41.000000,144.761881,178.733611,103.761881
41.500000,144.624371,186.193807,103.124371
42.000000,144.395188,182.828806,102.395188
42.500000,143.724827,176.108285,101.224827
43.000000,143.169058,177.473086,100.169058
43.500000,142.911227,182.309150,99.411227
44.000000,142.733610,178.825916,98.733610
44.500000,142.492968,181.451866,97.992968
45.000000,142.263785,177.544621,97.263785
45.500000,141.920010,180.932497,96.420010
46.000000,141.633531,181.725246,95.633531
46.500000,141.381430,178.936522,94.881430
47.000000,141.049114,176.710921,94.049114
47.500000,140.378754,178.165458,92.878754
48.000000,140.224055,178.968162,92.224055
48.500000,139.857362,182.898440,91.357362
49.000000,139.341700,182.043824,90.341700
49.500000,138.212973,175.458909,88.712973
50.000000,137.445210,183.364813,87.445210
50.500000,136.900900,177.015105,86.400900
51.000000,136.683176,175.337211,85.683176
51.500000,136.517018,180.618901,85.017018
52.000000,136.230539,183.520230,84.230539
52.500000,136.241998,176.858155,83.741998
53.000000,136.270646,181.832974,83.270646
53.500000,135.881035,184.166584,82.381035
54.000000,135.365373,182.219408,81.365373
54.500000,135.084624,181.354142,80.584624
55.000000,134.637716,176.418534,79.637716
55.500000,133.526178,179.085538,78.026178
56.000000,132.546421,177.437743,76.546421
56.500000,132.168268,177.642139,75.668268
57.000000,131.303102,179.012872,74.303102
57.500000,130.415018,181.302502,72.915018
58.000000,129.251913,173.080139,71.251913
58.500000,129.647254,176.314108,71.147254
59.000000,129.664443,180.377651,70.664443
59.500000,129.641524,176.620218,70.141524
60.000000,129.819141,181.037631,69.819141
60.500000,129.956651,179.638014,69.456651
61.000000,129.647254,176.893220,68.647254
61.500000,130.008217,181.234077,68.508217
62.000000,129.950922,180.439091,67.950922
62.500000,129.143051,179.045521,66.643051
63.000000,128.948246,185.698973,65.948246
63.500000,128.260696,181.212698,64.760696
64.000000,127.533040,182.706480,63.533040
64.500000,126.415772,182.602567,61.915772
65.000000,124.782842,180.680527,59.782842
65.500000,124.164048,179.350325,58.664048
66.000000,123.780166,179.391760,57.780166
66.500000,124.095293,179.187609,57.595293
67.000000,124.181237,179.317217,57.181237
67.500000,124.152589,176.408362,56.652589
68.000000,123.785896,181.303346,55.785896
68.500000,123.384825,180.443872,54.884825
69.000000,123.029592,176.881934,54.029592
69.500000,122.261828,181.018127,52.761828
70.000000,121.585738,180.375608,51.585738
70.500000,121.832110,178.438026,51.332110
71.000000,121.236234,176.908778,50.236234
71.500000,120.388256,182.915852,48.888256
72.000000,119.523090,178.208278,47.523090
72.500000,118.680842,175.690240,46.180842
73.000000,118.176639,178.327188,45.176639
73.500000,102.872936,163.626816,29.372936
74.000000,87.420265,147.878326,13.420265
74.500000,72.408770,134.962544,-2.091230
75.000000,56.961828,118.846445,-18.038172
75.500000,41.417483,101.839432,-34.082517
76.000000,25.850220,89.307971,-50.149780
76.500000,11.182500,76.249354,-65.317500
77.000000,-4.058177,60.876641,-81.058177
77.500000,-19.264477,43.873623,-96.764477
78.000000,-34.224405,28.391987,-112.224405
78.500000,-49.407786,15.899542,-127.907786
79.000000,-64.442199,1.878119,-143.442199
79.500000,-65.353202,1.178231,-144.853202
80.000000,-66.229827,-1.247262,-146.229827
80.500000,-66.355878,-1.470002,-146.855878
81.000000,-66.917377,0.348989,-147.917377
81.500000,-67.100723,0.007376,-148.600723
82.000000,-67.324177,1.192467,-149.324177
82.500000,-67.759625,0.249968,-150.259625
83.000000,-68.263828,-3.563776,-151.263828
83.500000,-68.470092,-1.199640,-151.970092
84.000000,-68.687816,2.083548,-152.687816
84.500000,-69.260774,0.206561,-153.760774
85.000000,-69.925405,0.517228,-154.925405
85.500000,-69.845191,-1.399780,-155.345191
86.000000,-70.234802,-0.313257,-156.234802
86.500000,-71.289045,2.790398,-157.789045
87.000000,-72.406312,-3.767833,-159.406312
87.500000,-72.635496,-1.201168,-160.135496
88.000000,-72.836031,2.122783,-160.836031
88.500000,-73.105321,1.933871,-161.605321
89.000000,-73.638172,-1.029867,-162.638172
89.500000,-73.615253,-0.522627,-163.115253
90.000000,-73.414718,1.936605,-163.414718
90.500000,-74.159563,1.563287,-164.659563
91.000000,-74.279884,-2.599231,-165.279884
91.500000,-74.955975,-0.494897,-166.455975
92.000000,-75.586228,-2.677899,-167.586228
92.500000,-75.895625,-0.257202,-168.395625
93.000000,-76.336803,-1.816689,-169.336803
93.500000,-76.629011,-0.078410,-170.129011
94.000000,-76.835276,4.026528,-170.835276
94.500000,-76.692037,1.080755,-171.192037
95.000000,-76.491501,1.075103,-171.491501
95.500000,-77.075918,-2.589972,-172.575918
96.000000,-77.746279,-1.358905,-173.746279
96.500000,-77.969733,0.548936,-174.469733
97.000000,-78.061406,3.638220,-175.061406
97.500000,-78.428099,2.198137,-175.928099
98.000000,-78.508313,1.717488,-176.508313
98.500000,-78.634364,1.484271,-177.134364
99.000000,-79.041164,2.062979,-178.041164
99.500000,-79.488071,0.194871,-178.988071
100.000000,-80.502206,-1.983343,-180.502206
100.500000,-81.121000,0.685204,-181.621000
101.000000,-81.900223,-0.191406,-182.900223
101.500000,-82.117947,1.254943,-183.617947
102.000000,-82.742471,1.613408,-184.742471
102.500000,-83.195108,-2.911398,-185.695108
103.000000,-83.538882,0.963620,-186.538882
103.500000,-84.421237,-3.044557,-187.921237
104.000000,-85.189001,-1.931860,-189.189001
104.500000,-85.670285,-2.650359,-190.170285
105.000000,-85.933846,-0.384867,-190.933846
105.500000,-86.546911,-1.996393,-192.046911
106.000000,-86.604207,-1.183488,-192.604207
106.500000,-87.108409,-1.528257,-193.608409
107.000000,-86.936522,1.225456,-193.936522
107.500000,-87.119869,-2.842030,-194.619869
108.000000,-87.354781,-1.764078,-195.354781
108.500000,-88.449131,-4.510832,-196.949131
109.000000,-88.815824,-3.894458,-197.815824
109.500000,-89.113762,-0.432632,-198.613762
110.000000,-90.288325,-0.015177,-200.288325
110.500000,-90.998793,0.349080,-201.498793
111.000000,-92.035846,-1.960271,-203.035846
111.500000,-92.007199,-5.369385,-203.507199
112.000000,-92.053035,-2.317773,-204.053035
112.500000,-77.207699,12.488681,-189.707699
113.000000,-62.144638,29.723894,-175.144638
113.500000,-47.327950,46.646285,-160.827950
114.000000,-32.299267,65.268682,-146.299267
114.500000,-17.791975,73.824297,-132.291975
115.000000,-3.210199,90.673471,-118.210199
115.500000,11.022072,104.031737,-104.477928
116.000000,25.111104,118.373578,-90.888896
116.500000,39.245973,133.751603,-77.254027
117.000000,53.558459,150.277436,-63.441541
117.500000,67.922511,163.013389,-49.577489
118.000000,82.286563,180.284500,-35.713437
118.500000,82.166242,179.296590,-36.333758
119.000000,82.189160,177.506766,-36.810840
119.500000,81.558906,176.096233,-37.941094
120.000000,80.785413,178.646289,-39.214587
120.500000,81.037515,179.667202,-39.462485
121.000000,80.682281,179.535236,-40.317719
121.500000,80.137971,181.033506,-41.362029
122.000000,80.063486,179.514767,-41.936514
122.500000,80.487475,180.452338,-42.012525
123.000000,80.848439,182.449448,-42.151561
123.500000,80.327047,179.644947,-43.172953
124.000000,80.178078,183.234552,-43.821922
124.500000,80.149430,180.917607,-44.350570
125.000000,79.691064,181.299505,-45.308936
125.500000,78.378991,182.944912,-47.121009
126.000000,77.198697,179.110637,-48.801303
126.500000,76.344990,173.479361,-50.155010
127.000000,75.588686,178.179768,-51.411314
127.500000,74.952703,175.413785,-52.547297
128.000000,74.505796,181.140957,-53.494204
128.500000,74.700602,177.769859,-53.799398
129.000000,75.044376,178.825230,-53.955624
129.500000,75.158968,182.237812,-54.341032
130.000000,74.780816,181.161630,-55.219184
130.500000,74.156292,180.286272,-56.343708
131.000000,73.709385,180.271018,-57.290615
131.500000,72.970269,183.092248,-58.529731
132.000000,71.938945,182.095420,-60.061055
132.500000,70.821677,181.304819,-61.678323
133.000000,69.584088,180.321436,-63.415912
133.500000,69.337717,180.480243,-64.162283
134.000000,69.154370,179.098908,-64.845630
134.500000,69.028319,176.053589,-65.471681
135.000000,68.799136,180.084867,-66.200864
135.500000,68.730381,181.843468,-66.769619
136.000000,69.240314,180.276118,-66.759686
136.500000,68.082939,178.210365,-68.417061
137.000000,67.234961,180.810839,-69.765039
137.500000,67.063074,178.109361,-70.436926
138.000000,66.873998,179.655070,-71.126002
138.500000,66.249474,179.239576,-72.250526
139.000000,65.624950,180.848485,-73.375050
139.500000,65.539006,178.082540,-73.960994
140.000000,65.498899,179.547635,-74.501101
140.500000,65.137936,182.078476,-75.362064
141.000000,64.479034,177.327024,-76.520966
141.500000,64.416009,178.811825,-77.083991
142.000000,64.232663,176.700708,-77.767337
142.500000,63.877429,178.751344,-78.622571
143.000000,63.585220,181.329803,-79.414780
143.500000,63.390415,183.824213,-80.109585
144.000000,63.166961,180.899761,-80.833039
144.500000,62.553896,177.621204,-81.946104
145.000000,61.562679,177.527621,-83.437321
145.500000,61.322037,179.540390,-84.177963
146.000000,61.287660,182.183287,-84.712340
146.500000,60.141744,181.328681,-86.358256
147.000000,59.591704,180.522965,-87.408296
147.500000,59.465654,181.121108,-88.034346
148.000000,59.196364,180.724742,-88.803636
148.500000,58.548921,178.883062,-89.951079
149.000000,58.205147,180.161659,-90.794853
149.500000,57.884290,180.660420,-91.615710
150.000000,57.569163,179.708219,-92.430837
150.500000,57.586352,179.075579,-92.913648
151.000000,57.597811,178.425231,-93.402189
151.500000,42.076385,165.657000,-109.423615
152.000000,27.082079,151.395127,-124.917921
152.500000,11.755458,138.801822,-140.744542
153.000000,-3.273225,124.630275,-156.273225
153.500000,-19.035294,104.683860,-172.535294
154.000000,-34.528073,89.919803,-188.528073
154.500000,-50.095336,73.187416,-204.595336
155.000000,-65.696977,61.952102,-220.696977
155.500000,-81.321536,43.377384,-236.821536
156.000000,-96.459081,33.463297,-252.459081
156.500000,-111.774242,16.585007,-268.274242
157.000000,-127.341506,-1.931795,-284.341506
157.500000,-127.834249,1.317989,-285.334249
158.000000,-128.361371,0.943907,-286.361371
158.500000,-128.905681,-2.405383,-287.405681
159.000000,-129.289562,0.327115,-288.289562
159.500000,-128.894221,1.369378,-288.394221
160.000000,-128.997354,1.006732,-288.997354
160.500000,-129.197889,-2.824354,-289.697889
161.000000,-129.954193,-0.411874,-290.954193
161.500000,-130.063055,-0.941724,-291.563055
162.000000,-130.320886,2.718404,-292.320886
162.500000,-131.037084,0.812032,-293.537084
163.000000,-131.621501,0.146599,-294.621501
163.500000,-131.799117,0.950257,-295.299117
164.000000,-131.988194,-0.202252,-295.988194
164.500000,-132.263213,4.454089,-296.763213
165.000000,-132.635636,3.146584,-297.635636
165.500000,-132.967951,2.997584,-298.467951
166.000000,-132.904926,0.663844,-298.904926
166.500000,-133.472154,0.641228,-299.972154
167.000000,-133.793011,-0.795006,-300.793011
167.500000,-134.640988,2.181213,-302.140988
168.000000,-134.858712,2.978414,-302.858712
168.500000,-135.454588,1.306920,-303.954588
169.000000,-136.801039,-0.605236,-305.801039
169.500000,-137.459940,1.257212,-306.959940
170.000000,-138.021439,-2.545345,-308.021439
170.500000,-138.193326,-1.598998,-308.693326
171.000000,-138.565749,-0.188647,-309.565749
171.500000,-139.035574,-0.016788,-310.535574
172.000000,-139.092870,0.583330,-311.092870
172.500000,-139.436645,1.571325,-311.936645
173.000000,-139.448104,0.063577,-312.448104
173.500000,-139.534048,3.381912,-313.034048
174.000000,-139.946577,0.413233,-313.946577
174.500000,-140.387755,0.154948,-314.887755
175.000000,-141.029468,-0.853501,-316.029468
175.500000,-141.081034,0.161376,-316.581034
176.000000,-141.235732,0.383980,-317.235732
176.500000,-141.734206,-0.131636,-318.234206
177.000000,-142.507699,1.888865,-319.507699
177.500000,-142.393107,0.383442,-319.893107
178.000000,-142.582183,-3.827189,-320.582183
178.500000,-143.172330,-3.039502,-321.672330
179.000000,-143.613507,-1.312300,-322.613507
179.500000,-144.003118,0.047723,-323.503118
180.000000,-144.673479,0.948267,-324.673479
180.500000,-145.120386,0.355337,-325.620386
181.000000,-145.716262,1.213944,-326.716262
181.500000,-146.804882,0.954461,-328.304882
182.000000,-147.160116,-0.148153,-329.160116
182.500000,-147.584105,0.824798,-330.084105
183.000000,-147.962257,-1.170739,-330.962257
183.500000,-148.300302,-3.684398,-331.800302
184.000000,-148.781586,-0.850201,-332.781586
184.500000,-149.406110,0.450974,-333.906110
185.000000,-150.196792,1.209063,-335.196792
185.500000,-150.133767,-2.300863,-335.633767
186.000000,-150.173874,-1.816451,-336.173874
186.500000,-150.741102,-1.825288,-337.241102
187.000000,-151.611998,-2.289936,-338.611998
187.500000,-151.182280,-1.094946,-338.682280
188.000000,-151.079147,0.741863,-339.079147
188.500000,-151.434381,2.567761,-339.934381
189.000000,-151.652105,2.455734,-340.652105
189.500000,-151.697942,4.241477,-341.197942
190.000000,-151.520325,3.640162,-341.520325
190.500000,-137.368267,14.774722,-327.868267
191.000000,-123.485500,32.300371,-314.485500
191.500000,-109.001127,41.912443,-300.501127
192.000000,-94.625616,64.421877,-286.625616
192.500000,-80.083947,75.648077,-272.583947
193.000000,-66.092317,93.667895,-259.092317
193.500000,-51.161037,104.055816,-244.661037
194.000000,-35.868794,116.562728,-229.868794
194.500000,-21.487553,131.889867,-215.987553
195.000000,-7.226634,147.817132,-202.226634
195.500000,7.211903,161.383292,-188.288097
196.000000,21.707735,176.002969,-174.292265
196.500000,20.768084,177.879952,-175.731916
197.000000,19.977402,182.104224,-177.022598
197.500000,19.971673,182.228286,-177.528327
198.000000,19.329960,181.226265,-178.670040
198.500000,19.501848,178.072560,-178.998152
199.000000,19.547684,183.923921,-179.452316
199.500000,19.341419,177.724324,-180.158581
200.000000,18.825757,180.846396,-181.174243
200.500000,18.212692,179.204056,-182.287308
201.000000,18.000698,177.541730,-182.999302
201.500000,17.215746,181.930591,-184.284254
202.000000,16.235988,180.697317,-185.764012
202.500000,16.075560,179.787298,-186.424440
203.000000,15.989616,180.237393,-187.010384
203.500000,15.697408,180.387749,-187.802592
204.000000,15.055695,182.284052,-188.944305
204.500000,14.620247,179.165568,-189.879753
205.000000,13.823836,180.823464,-191.176164
205.500000,14.035830,178.797582,-191.464170
206.000000,14.408253,179.889541,-191.591747
206.500000,13.989994,181.458647,-192.510006
207.000000,13.428495,183.624255,-193.571505
207.500000,13.445684,179.204201,-194.054316
208.000000,13.382658,181.995754,-194.617342
208.500000,12.150799,180.888961,-196.349201
209.000000,11.039261,182.629155,-197.960739
209.500000,10.592354,183.034773,-198.907646
210.000000,9.927723,181.450754,-200.072277
210.500000,9.589678,178.814075,-200.910322
211.000000,9.406331,183.955738,-201.593669
211.500000,9.154230,177.804280,-202.345770
212.000000,9.079745,180.714545,-202.920255
212.500000,9.005261,178.739193,-203.494739
213.000000,9.200066,178.696076,-203.799934
213.500000,8.581272,183.388566,-204.918728
214.000000,7.887993,178.722257,-206.112007
214.500000,7.320765,180.854820,-207.179235
215.000000,7.137418,181.758888,-207.862582
215.500000,6.799373,177.680123,-208.700627
216.000000,6.449869,181.086951,-209.550131
216.500000,6.060258,181.586203,-210.439742
217.000000,5.636269,177.392913,-211.363731
217.500000,4.805480,176.724634,-212.694520
218.000000,4.095012,178.739973,-213.904988
218.500000,3.711131,182.082548,-214.788869
219.000000,3.178280,178.460234,-215.821720
219.500000,3.184010,181.271266,-216.315990
220.000000,2.886071,181.059736,-217.113929
220.500000,2.370409,181.143309,-218.129591
221.000000,2.347491,179.663294,-218.652509
221.500000,1.734426,182.617188,-219.765574
222.000000,0.714561,176.407288,-221.285439
222.500000,0.479649,180.190169,-222.020351
223.000000,-0.036013,179.906097,-223.036013
223.500000,-0.116227,178.454313,-223.616227
224.000000,-0.070391,179.635598,-224.070391
224.500000,-0.265196,180.061413,-224.765196
225.000000,-0.981394,177.821170,-225.981394
225.500000,-1.130363,182.908011,-226.630363
226.000000,-1.846560,180.352997,-227.846560
226.500000,-2.425247,182.968657,-228.925247
227.000000,-2.906532,181.558831,-229.906532
227.500000,-3.038312,180.841047,-230.538312
228.000000,-3.015394,180.120664,-231.015394
228.500000,-3.307602,181.626265,-231.807602
229.000000,-4.029529,181.771264,-233.029529
229.500000,-19.482201,163.295930,-248.982201
230.000000,-34.648394,149.640159,-264.648394
230.500000,-49.763020,134.845069,-280.263020
231.000000,-65.370391,121.461448,-296.370391
231.500000,-80.559502,107.470575,-312.059502
232.000000,-95.966337,88.979094,-327.966337
232.500000,-111.860186,76.706956,-344.360186
233.000000,-127.186807,58.208537,-360.186807
233.500000,-142.467592,44.701485,-375.967592
234.000000,-158.212472,32.983178,-392.212472
234.500000,-173.957352,16.543800,-408.457352
235.000000,-189.410024,-2.405842,-424.410024
235.500000,-189.570452,1.338240,-425.070452
236.000000,-189.788176,3.241575,-425.788176
236.500000,-189.862660,0.914636,-426.362660
237.000000,-190.109032,-0.014038,-427.109032
237.500000,-191.174734,-1.681593,-428.674734
238.000000,-191.398187,-0.630374,-429.398187
238.500000,-192.326379,-0.033550,-430.826379
239.000000,-193.094142,1.363415,-432.094142
239.500000,-193.816069,-2.113265,-433.316069
240.000000,-194.423404,-3.260800,-434.423404
240.500000,-194.406216,-3.503766,-434.906216
241.000000,-193.970768,-0.087816,-434.970768
241.500000,-194.474971,3.248119,-435.974971
242.000000,-194.623940,0.916775,-436.623940
242.500000,-194.870312,-1.126746,-437.370312
243.000000,-195.380244,-0.170353,-438.380244
243.500000,-196.079252,0.623955,-439.579252
244.000000,-196.675129,0.275119,-440.675129
244.500000,-196.898582,-1.322568,-441.398582
245.000000,-196.910041,-1.059757,-441.910041
245.500000,-197.419974,2.578881,-442.919974
246.000000,-197.654886,-2.519939,-443.654886
246.500000,-197.809585,-1.343277,-444.309585
247.000000,-198.416920,0.574972,-445.416920
247.500000,-198.961230,-2.321044,-446.461230
248.000000,-199.305005,0.060826,-447.305005
248.500000,-199.918070,-2.291457,-448.418070
249.000000,-200.634267,-2.519398,-449.634267
249.500000,-201.310357,-0.555159,-450.810357
250.000000,-202.244278,-0.530160,-452.244278
250.500000,-202.467732,-2.325508,-452.967732
251.000000,-203.029231,-0.431499,-454.029231
251.500000,-202.880261,-1.590761,-454.380261
252.000000,-203.161011,-3.301976,-455.161011
252.500000,-203.086526,-2.888139,-455.586526
253.000000,-203.012042,-0.493757,-456.012042
253.500000,-203.298521,0.307240,-456.798521
254.000000,-203.756887,-1.448082,-457.756887
254.500000,-203.894397,1.897749,-458.394397
255.000000,-204.072014,4.106615,-459.072014
255.500000,-204.581946,3.056254,-460.081946
256.000000,-205.223659,0.543435,-461.223659
256.500000,-205.979963,-1.450965,-462.479963
257.000000,-206.581569,-1.650942,-463.581569
257.500000,-206.610217,2.161889,-464.110217
258.000000,-206.931073,1.596663,-464.931073
258.500000,-207.280577,-2.554400,-465.780577
259.000000,-207.521220,2.208104,-466.521220
259.500000,-207.269118,4.130350,-466.769118
260.000000,-207.498301,-1.097572,-467.498301
260.500000,-207.309225,2.960216,-467.809225
261.000000,-207.481113,1.518959,-468.481113
261.500000,-207.756132,5.445810,-469.256132
262.000000,-207.767591,2.235632,-469.767591
262.500000,-208.151473,-1.744486,-470.651473
263.000000,-208.672865,2.740139,-471.672865
263.500000,-209.652623,-1.640667,-473.152623
264.000000,-211.102206,3.406196,-475.102206
264.500000,-212.202285,0.731820,-476.702285
265.000000,-213.113288,0.171551,-478.113288
265.500000,-212.907023,1.800888,-478.407023
266.000000,-213.107558,-0.767089,-479.107558
266.500000,-213.290905,1.977103,-479.790905
267.000000,-213.978454,-2.006731,-480.978454
267.500000,-213.869592,3.261888,-481.369592
268.000000,-213.806567,4.069248,-481.806567
268.500000,-200.118605,15.944217,-468.618605
269.000000,-185.731635,28.801461,-454.731635
269.500000,-171.510822,45.141829,-441.010822
270.000000,-157.112393,60.978587,-427.112393
270.500000,-142.679586,72.530826,-413.179586
271.000000,-128.636390,88.254909,-399.636390
271.500000,-114.003048,105.724088,-385.503048
272.000000,-99.472839,118.899254,-371.472839
272.500000,-84.896792,133.004963,-357.396792
273.000000,-70.383771,151.695389,-343.383771
273.500000,-55.297793,163.837849,-328.797793
274.000000,-40.360783,180.060853,-314.360783
274.500000,-40.463915,180.754283,-314.963915
275.000000,-41.203031,179.766465,-316.203031
275.500000,-41.363459,179.406019,-316.863459
276.000000,-41.638479,182.749854,-317.638479
276.500000,-42.394783,179.551800,-318.894783
277.000000,-43.609454,178.692215,-320.609454
277.500000,-44.319921,180.090371,-321.819921
278.000000,-44.743910,180.636156,-322.743910
278.500000,-44.577752,179.065214,-323.077752
279.000000,-44.858502,176.214697,-323.858502
279.500000,-45.127792,176.619113,-324.627792
280.000000,-45.076226,180.010951,-325.076226
280.500000,-45.637724,182.874995,-326.137724
281.000000,-45.912744,179.516201,-326.912744
281.500000,-46.371110,182.768058,-327.871110
282.000000,-46.869583,184.823011,-328.869583
282.500000,-46.938338,180.625257,-329.438338
283.000000,-47.568592,180.611762,-330.568592
283.500000,-47.814964,178.484886,-331.314964
284.000000,-48.794722,178.239621,-332.794722
284.500000,-49.877612,176.406193,-334.377612
285.000000,-50.868829,178.104274,-335.868829
285.500000,-51.590756,176.144922,-337.090756
286.000000,-51.905882,177.077418,-337.905882
286.500000,-52.152254,179.753071,-338.652254
287.000000,-52.415815,175.968196,-339.415815
287.500000,-52.518947,177.944019,-340.018947
288.000000,-52.650728,179.859087,-340.650728
288.500000,-52.960125,174.473004,-341.460125
289.000000,-53.498705,176.824523,-342.498705
289.500000,-53.556001,174.288413,-343.056001
290.000000,-53.601838,182.092605,-343.601838
290.500000,-53.819562,179.216848,-344.319562
291.000000,-53.997178,179.282004,-344.997178
291.500000,-54.083122,181.175861,-345.583122
292.000000,-54.467004,178.924063,-346.467004
292.500000,-54.426897,178.570321,-346.926897
293.000000,-54.879533,179.153986,-347.879533
293.500000,-55.297793,180.481849,-348.797793
294.000000,-55.355088,180.489278,-349.355088
294.500000,-55.784807,181.915938,-350.284807
295.000000,-56.174418,182.566773,-351.174418
295.500000,-56.546841,185.171830,-352.046841
296.000000,-56.861967,179.810377,-352.861967
296.500000,-57.732863,184.919896,-354.232863
297.000000,-58.901697,178.930013,-355.901697
297.500000,-58.810024,181.473367,-356.310024
298.000000,-58.867320,180.821138,-356.867320
298.500000,-59.405900,181.747917,-357.905900
299.000000,-59.996047,178.551194,-358.996047
299.500000,-59.692379,178.543451,-359.192379
300.000000,-59.520492,180.398983,-359.520492
300.500000,-60.563275,184.217440,-361.063275
301.000000,-61.657624,183.539473,-362.657624
301.500000,-61.766486,182.175507,-363.266486
302.000000,-62.173286,179.011151,-364.173286
302.500000,-62.706137,181.762893,-365.206137
303.000000,-63.181692,181.392683,-366.181692
303.500000,-63.336390,179.726292,-366.836390
304.000000,-63.479630,180.908340,-367.479630
304.500000,-64.488036,179.767026,-368.988036
305.000000,-65.473523,181.959204,-370.473523
305.500000,-65.576655,180.602601,-371.076655
306.000000,-66.109506,180.864578,-372.109506
306.500000,-66.332960,180.356217,-372.832960
307.000000,-66.476199,180.485960,-373.476199
307.500000,-81.705417,164.247572,-389.205417
308.000000,-96.745560,148.997465,-404.745560
308.500000,-112.049262,136.248106,-420.549262
309.000000,-127.771224,121.989886,-436.771224
309.500000,-143.579130,104.564091,-453.079130
310.000000,-159.392765,88.279581,-469.392765
310.500000,-174.381341,75.514866,-484.881341
311.000000,-188.716745,62.135943,-499.716745
311.500000,-204.255360,46.020387,-515.755360
312.000000,-219.862731,30.583919,-531.862731
312.500000,-234.748174,12.880941,-547.248174
313.000000,-249.610699,0.391893,-562.610699
313.500000,-250.722237,-2.040193,-564.222237
314.000000,-252.011392,-1.950974,-566.011392
314.500000,-252.590080,4.173572,-567.090080
315.000000,-253.134390,-0.294869,-568.134390
315.500000,-253.403680,1.551486,-568.903680
316.000000,-253.420869,1.856070,-569.420869
316.500000,-253.397950,-2.778684,-569.897950
317.000000,-253.558378,0.659806,-570.558378
317.500000,-253.546919,2.681913,-571.046919
318.000000,-253.667240,6.265799,-571.667240
318.500000,-254.795967,1.289360,-573.295967
319.000000,-255.896046,0.956999,-574.896046
319.500000,-256.027827,0.246669,-575.527827
320.000000,-256.589325,-0.286021,-576.589325
320.500000,-257.534706,1.354179,-578.034706
321.000000,-257.895669,-3.437497,-578.895669
321.500000,-257.970154,1.803987,-579.470154
322.000000,-257.723782,0.896995,-579.723782
322.500000,-258.227985,-1.364549,-580.727985
323.000000,-259.339523,0.369367,-582.339523
323.500000,-260.009883,0.420857,-583.509883
324.000000,-260.359388,-2.619866,-584.359388
324.500000,-260.794835,-1.974480,-585.294835
325.000000,-261.172988,-0.972110,-586.172988
325.500000,-260.611489,0.764486,-586.111489
326.000000,-260.416683,1.892973,-586.416683
326.500000,-261.155799,1.160501,-587.655799
327.000000,-261.459466,-1.378628,-588.459466
327.500000,-262.376199,1.759189,-589.876199
328.000000,-263.132503,0.607752,-591.132503
328.500000,-264.083613,1.025397,-592.583613
329.000000,-264.782622,1.219829,-593.782622
329.500000,-264.341444,-0.144958,-593.841444
330.000000,-263.905996,-0.780947,-593.905996
330.500000,-264.129450,0.629167,-594.629450
331.000000,-264.507602,0.223447,-595.507602
331.500000,-265.430064,1.927840,-596.930064
332.000000,-266.192098,-0.214070,-598.192098
332.500000,-266.868188,0.528995,-599.368188
333.000000,-267.200504,-1.201954,-600.200504
333.500000,-267.733354,0.956828,-601.233354
334.000000,-268.506847,-1.389042,-602.506847
334.500000,-268.673005,-1.828873,-603.173005
335.000000,-268.879270,-1.377813,-603.879270
335.500000,-269.372014,0.830066,-604.872014
336.000000,-270.214262,0.002804,-606.214262
336.500000,-270.082481,-1.679109,-606.582481
337.000000,-269.864757,-1.860629,-606.864757
337.500000,-270.666898,-0.237867,-608.166898
338.000000,-271.102346,-2.032577,-609.102346
338.500000,-271.554983,-1.743820,-610.054983
339.000000,-272.139400,4.527464,-611.139400
339.500000,-272.523281,0.370266,-612.023281
340.000000,-272.700898,-4.180254,-612.700898
340.500000,-272.769653,-0.420970,-613.269653
341.000000,-272.809760,-0.115135,-613.809760
341.500000,-273.755141,-2.710095,-615.255141
342.000000,-274.557282,-1.706351,-616.557282
342.500000,-275.158887,1.413216,-617.658887
343.000000,-275.817789,-2.204543,-618.817789
343.500000,-276.087079,0.083476,-619.587079
344.000000,-276.780358,-4.235403,-620.780358
344.500000,-276.574093,-1.804002,-621.074093
345.000000,-276.837654,-3.274315,-621.837654
345.500000,-277.450719,0.092934,-622.950719
346.000000,-278.184105,-2.141307,-624.184105
346.500000,-263.493467,16.232573,-609.993467
347.000000,-248.940339,31.159783,-595.940339
347.500000,-234.530450,40.283327,-582.030450
348.000000,-219.811164,55.477696,-567.811164
348.500000,-204.644972,75.482541,-553.144972
349.000000,-189.473049,91.270775,-538.473049
349.500000,-175.000135,105.199541,-524.500135
350.000000,-160.343875,117.910521,-510.343875
350.500000,-145.412595,132.303778,-495.912595
351.000000,-130.618824,152.630645,-481.618824
351.500000,-116.329257,165.077639,-467.829257
352.000000,-101.644349,180.966300,-453.644349
352.500000,-101.970935,183.142979,-454.470935
353.000000,-102.532433,181.124686,-455.532433
353.500000,-103.134039,181.337091,-456.634039
354.000000,-103.500732,184.065532,-457.500732
354.500000,-104.176822,179.170184,-458.676822
355.000000,-104.967504,180.470902,-459.967504
355.500000,-105.271172,182.331374,-460.771172
356.000000,-105.563380,181.214852,-461.563380
356.500000,-106.273848,178.868487,-462.773848
357.000000,-106.881183,178.987349,-463.881183
357.500000,-107.373927,182.257946,-464.873927
358.000000,-107.918237,179.106527,-465.918237
358.500000,-108.456817,180.363364,-466.956817
359.000000,-108.806321,181.969262,-467.806321
359.500000,-108.754755,182.292608,-468.254755
360.000000,-108.909454,180.416943,-468.909454
360.500000,-109.448034,184.834315,-469.948034
361.000000,-110.020992,180.305763,-471.020992
361.500000,-110.061099,180.292384,-471.561099
362.000000,-110.473628,181.665879,-472.473628
362.500000,-111.499223,181.674319,-473.999223
363.000000,-112.226879,179.382346,-475.226879
363.500000,-112.181043,181.810096,-475.681043
364.000000,-111.963319,178.745432,-475.963319
364.500000,-112.576383,180.852145,-477.076383
365.000000,-113.355606,181.020219,-478.355606
365.500000,-113.504575,181.084509,-479.004575
366.000000,-113.985860,180.782162,-479.985860
366.500000,-114.816648,176.178401,-481.316648
367.000000,-115.561494,178.639255,-482.561494
367.500000,-116.140181,180.190293,-483.640181
368.000000,-116.718868,177.830444,-484.718868
368.500000,-116.862108,176.295348,-485.362108
369.000000,-116.736057,179.809945,-485.736057
369.500000,-116.907944,181.982640,-486.407944
370.000000,-117.343392,182.295217,-487.343392
370.500000,-117.223071,182.673800,-487.723071
371.000000,-117.337663,182.005087,-488.337663
371.500000,-117.641330,182.457446,-489.141330
372.000000,-118.105426,181.507132,-490.105426
372.500000,-118.798705,179.321389,-491.298705
373.000000,-119.549280,180.109621,-492.549280
373.500000,-120.460283,179.008190,-493.960283
374.000000,-121.405663,180.933971,-495.405663
374.500000,-121.680683,178.206985,-496.180683
375.000000,-122.001539,178.357068,-497.001539
375.500000,-122.230722,177.191337,-497.730722
376.000000,-122.568767,179.497429,-498.568767
376.500000,-122.648981,184.483238,-499.148981
377.000000,-122.534390,178.804723,-499.534390
377.500000,-123.623010,181.805135,-501.123010
378.000000,-124.207427,182.053918,-502.207427
378.500000,-124.333477,179.180024,-502.833477
379.000000,-124.058458,179.281968,-503.058458
379.500000,-124.522553,181.964584,-504.022553
380.000000,-124.516824,180.997720,-504.516824
380.500000,-123.961055,183.748348,-504.461055
381.000000,-123.869382,181.784869,-504.869382
381.500000,-124.304829,176.779937,-505.804829
382.000000,-124.963731,180.808957,-506.963731
382.500000,-125.255939,180.310104,-507.755939
383.000000,-125.616903,178.892553,-508.616903
383.500000,-126.780007,178.223710,-510.280007
384.000000,-127.880086,180.319311,-511.880086
384.500000,-128.326993,178.984526,-512.826993
385.000000,-128.894221,178.987433,-513.894221
385.500000,-145.355299,159.538879,-530.855299
386.000000,-161.438224,145.347429,-547.438224
386.500000,-176.260642,136.240275,-562.760642
387.000000,-190.825229,118.377841,-577.825229
387.500000,-206.088825,105.514274,-593.588825
388.000000,-221.638900,88.636010,-609.638900
388.500000,-236.667583,74.730138,-625.167583
389.000000,-251.581674,59.641460,-640.581674
389.500000,-267.641681,47.626064,-657.141681
390.000000,-283.323536,31.002877,-673.323536
390.500000,-298.547025,16.670708,-689.047025
391.000000,-314.051262,-4.530817,-705.051262
391.500000,-314.074181,-2.813763,-705.574181
392.000000,-314.498170,-2.785006,-706.498170
392.500000,-315.139882,-0.682305,-707.639882
393.000000,-315.615437,0.913589,-708.615437
393.500000,-316.251420,-1.544208,-709.751420
394.000000,-316.555088,-1.461002,-710.555088
394.500000,-317.030643,-0.405177,-711.530643
395.000000,-317.660897,-0.722463,-712.660897
395.500000,-318.090615,-4.186290,-713.590615
396.000000,-318.589088,-5.905656,-714.589088
396.500000,-319.018807,-1.526797,-715.518807
397.000000,-319.700626,-1.967729,-716.700626
397.500000,-319.671978,0.341457,-717.171978
398.000000,-319.729274,-1.578672,-717.729274
398.500000,-319.574576,-1.626352,-718.074576
399.000000,-319.843866,-3.585783,-718.843866
399.500000,-319.671978,-0.006906,-719.171978
400.000000,-319.803759,-0.166778,-719.803759
400.500000,-320.600170,0.241452,-721.100170
401.000000,-321.276260,2.909472,-722.276260
401.500000,-322.015376,-3.418266,-723.515376
402.000000,-322.960756,2.357961,-724.960756
402.500000,-324.032187,-0.690787,-726.532187
403.000000,-324.920272,-1.843498,-727.920272
403.500000,-325.092159,1.071477,-728.592159
404.000000,-325.344261,-4.318970,-729.344261
404.500000,-325.625010,-1.388518,-730.125010
405.000000,-325.493230,0.422144,-730.493230
405.500000,-325.613551,0.434742,-731.113551
406.000000,-325.395827,2.876739,-731.395827
406.500000,-325.716683,-0.723658,-732.216683
407.000000,-325.900030,-3.705799,-732.900030
407.500000,-326.243804,1.373505,-733.743804
408.000000,-326.656334,-0.944601,-734.656334
408.500000,-327.103241,1.132439,-735.603241
409.000000,-327.200644,-1.164599,-736.200644
409.500000,-327.802250,-2.762660,-737.302250
410.000000,-327.962678,-0.854787,-737.962678
410.500000,-328.352289,1.934985,-738.852289
411.000000,-327.997055,4.361153,-738.997055
411.500000,-328.713252,-2.363507,-740.213252
412.000000,-329.274751,-2.972555,-741.274751
412.500000,-329.733117,-0.307388,-742.233117
413.000000,-330.615472,3.371766,-743.615472
413.500000,-331.297292,-0.176867,-744.797292
414.000000,-332.162458,0.221442,-746.162458
414.500000,-332.592177,-1.667273,-747.092177
415.000000,-332.597906,1.772023,-747.597906
415.500000,-333.262537,1.299859,-748.762537
416.000000,-333.846954,-0.190081,-749.846954
416.500000,-334.213647,-1.893994,-750.713647
417.000000,-334.826712,0.389971,-751.826712
417.500000,-335.628853,-2.402254,-753.128853
418.000000,-335.921062,-5.321325,-753.921062
418.500000,-336.133056,2.161770,-754.633056
419.000000,-336.110138,-4.643803,-755.110138
419.500000,-336.448183,-0.859002,-755.948183
420.000000,-336.367969,1.420104,-756.367969
420.500000,-336.706014,0.329629,-757.206014
421.000000,-336.940926,-0.757033,-757.940926
421.500000,-337.468048,-4.651847,-758.968048
422.000000,-338.350403,-0.579465,-760.350403
422.500000,-338.636881,-0.673674,-761.136881
423.000000,-338.929090,-1.746323,-761.929090
423.500000,-339.759879,2.052010,-763.259879
424.000000,-340.613586,-4.051328,-764.613586
424.500000,-340.865687,-3.174899,-765.365687
425.000000,-340.842769,1.466232,-765.842769
