0.000000,51.509254,-0.161045,0.000000,-0.000000,-1.542892
0.500000,51.509255,-0.161045,0.146578,-0.018723,-3.797893
1.000000,51.509255,-0.161045,0.234761,0.012989,0.752456
1.500000,51.509257,-0.161045,0.505354,-0.016037,0.414898
2.000000,51.509260,-0.161045,0.759986,0.007512,-0.556803
2.500000,51.509264,-0.161045,0.981971,0.011216,0.516719
3.000000,51.509269,-0.161045,1.239593,0.013919,0.316633
3.500000,51.509274,-0.161045,1.235588,-0.019587,1.111880
4.000000,51.509280,-0.161045,1.243013,-0.007921,-3.369980
4.500000,51.509286,-0.161045,1.251588,-0.002422,-0.477228
5.000000,51.509291,-0.161045,1.237149,0.004136,-0.253417
5.500000,51.509297,-0.161045,1.264432,-0.026253,0.649744
6.000000,51.509302,-0.161045,1.229690,0.036550,-1.791630
6.500000,51.509308,-0.161044,1.237381,0.023044,2.774990
7.000000,51.509314,-0.161044,1.270289,-0.012349,-0.710191
7.500000,51.509319,-0.161044,1.251529,0.014637,1.390454
8.000000,51.509325,-0.161044,1.236000,0.003207,-2.335210
8.500000,51.509330,-0.161044,1.256653,-0.002834,-2.759250
9.000000,51.509336,-0.161044,1.262026,0.017210,-1.740491
9.500000,51.509342,-0.161043,1.266749,0.035274,7.057185
10.000000,51.509347,-0.161043,1.233685,0.038573,3.352187
10.500000,51.509353,-0.161043,1.246645,0.016313,1.428252
11.000000,51.509358,-0.161043,1.272959,0.000509,1.503776
11.500000,51.509364,-0.161042,1.252404,0.034767,-0.122234
12.000000,51.509370,-0.161042,1.260453,-0.009076,-0.158678
12.500000,51.509375,-0.161042,1.239118,-0.017069,0.403289
13.000000,51.509381,-0.161042,1.239527,0.002400,-1.210807
13.500000,51.509386,-0.161042,1.242959,0.011150,-1.904887
14.000000,51.509392,-0.161042,1.268747,0.013137,-1.509883
14.500000,51.509398,-0.161042,1.242925,-0.044242,1.363517
15.000000,51.509403,-0.161042,1.253154,-0.032399,-3.074326
15.500000,51.509409,-0.161042,1.223933,-0.010947,-5.105257
16.000000,51.509414,-0.161043,1.216517,-0.004763,-2.660231
16.500000,51.509420,-0.161043,1.239364,-0.011159,-0.115557
17.000000,51.509425,-0.161043,1.209354,-0.000127,-1.703993
17.500000,51.509430,-0.161043,1.235594,-0.003197,-2.450731
18.000000,51.509436,-0.161042,1.249811,0.005538,-1.736092
18.500000,51.509442,-0.161042,1.230213,-0.011246,-0.803179
19.000000,51.509447,-0.161042,1.243615,0.003161,-1.495078
19.500000,51.509453,-0.161042,1.251107,0.014940,2.582791
20.000000,51.509458,-0.161042,1.257824,0.012215,0.993107
20.500000,51.509464,-0.161042,1.241185,0.008692,-0.406492
21.000000,51.509469,-0.161041,1.226853,0.018557,-1.361401
21.500000,51.509475,-0.161041,1.235573,0.008595,3.940437
22.000000,51.509480,-0.161041,1.258682,-0.026882,-1.416992
22.500000,51.509486,-0.161041,1.239569,-0.016531,-2.367992
23.000000,51.509491,-0.161041,1.256070,-0.021415,1.739781
23.500000,51.509497,-0.161041,1.205424,0.026631,1.193001
24.000000,51.509502,-0.161041,1.237823,0.008575,-2.845885
24.500000,51.509508,-0.161041,1.232278,-0.008728,0.059443
25.000000,51.509513,-0.161041,1.250982,-0.007636,1.246173
25.500000,51.509519,-0.161041,1.254664,-0.042185,-0.478792
26.000000,51.509524,-0.161041,1.271955,0.005508,-0.181028
26.500000,51.509530,-0.161041,1.250477,-0.024093,-4.061682
27.000000,51.509535,-0.161041,1.209376,-0.008924,-1.040935
27.500000,51.509541,-0.161041,1.239596,-0.056246,3.567833
28.000000,51.509546,-0.161041,1.252417,-0.029685,-0.586167
28.500000,51.509552,-0.161041,1.240608,-0.036162,0.518148
29.000000,51.509558,-0.161042,1.247246,-0.045544,-4.208093
29.500000,51.509563,-0.161042,1.241357,-0.027240,-2.534166
30.000000,51.509569,-0.161042,1.251292,-0.005626,-2.979599
30.500000,51.509574,-0.161042,1.251902,-0.015624,-1.073275
31.000000,51.509580,-0.161042,1.256619,-0.013220,1.588802
31.500000,51.509585,-0.161042,1.232046,-0.000477,-0.435642
32.000000,51.509591,-0.161042,1.234825,-0.019702,3.264413
32.500000,51.509596,-0.161042,0.993483,-0.019200,-1.201424
33.000000,51.509600,-0.161042,0.749990,-0.010779,-4.329778
33.500000,51.509602,-0.161042,0.509980,-0.024586,-1.927503
34.000000,51.509604,-0.161042,0.235561,0.002188,1.031886
34.500000,51.509605,-0.161042,0.227416,0.068762,15.857882
35.000000,51.509606,-0.161041,0.253068,0.132362,28.988561
35.500000,51.509607,-0.161039,0.173142,0.177221,44.631796
36.000000,51.509607,-0.161038,0.104990,0.215207,61.281786
36.500000,51.509608,-0.161036,0.060484,0.227174,77.038573
37.000000,51.509608,-0.161034,0.012550,0.226512,88.989855
37.500000,51.509608,-0.161033,-0.055396,0.242694,105.501101
38.000000,51.509607,-0.161031,-0.132527,0.232692,116.779181
38.500000,51.509606,-0.161029,-0.156000,0.166860,128.468027
39.000000,51.509606,-0.161028,-0.231776,0.130029,144.842699
39.500000,51.509604,-0.161027,-0.218411,0.071902,166.221427
40.000000,51.509603,-0.161027,-0.257096,0.003650,178.996127
40.500000,51.509601,-0.161027,-0.522658,0.036482,179.213580
41.000000,51.509599,-0.161027,-0.759305,-0.022369,178.733611
41.500000,51.509594,-0.161027,-1.022488,0.019682,186.193806
42.000000,51.509589,-0.161027,-1.251740,-0.002942,182.828806
42.500000,51.509584,-0.161027,-1.248398,0.016224,176.108285
43.000000,51.509578,-0.161026,-1.261613,0.021308,177.473086
43.500000,51.509572,-0.161026,-1.220855,-0.003512,182.309150
44.000000,51.509567,-0.161026,-1.240312,-0.025078,178.825916
44.500000,51.509561,-0.161026,-1.235348,0.003532,181.451866
45.000000,51.509555,-0.161026,-1.260524,0.026645,177.544621
45.500000,51.509550,-0.161026,-1.256230,-0.022048,180.932497
46.000000,51.509544,-0.161026,-1.262497,0.008348,181.725246
46.500000,51.509538,-0.161026,-1.209454,-0.043066,178.936522
47.000000,51.509533,-0.161026,-1.268773,-0.028139,176.710921
47.500000,51.509527,-0.161026,-1.237190,-0.030403,178.165458
48.000000,51.509522,-0.161026,-1.252089,-0.028507,178.968162
48.500000,51.509516,-0.161026,-1.273134,0.004612,182.898440
49.000000,51.509510,-0.161026,-1.236489,-0.031209,182.043824
49.500000,51.509504,-0.161026,-1.264055,0.040892,175.458909
50.000000,51.509499,-0.161025,-1.275616,-0.002331,183.364813
50.500000,51.509493,-0.161025,-1.245102,0.016206,177.015105
51.000000,51.509487,-0.161025,-1.285018,0.003788,175.337211
51.500000,51.509482,-0.161025,-1.249811,0.009446,180.618901
52.000000,51.509476,-0.161025,-1.238169,0.019320,183.520229
52.500000,51.509470,-0.161025,-1.240436,0.006316,176.858155
53.000000,51.509465,-0.161025,-1.237531,-0.011019,181.832974
53.500000,51.509459,-0.161025,-1.271205,0.007938,184.166584
54.000000,51.509453,-0.161025,-1.260528,-0.009686,182.219408
54.500000,51.509448,-0.161025,-1.262297,-0.008318,181.354142
55.000000,51.509442,-0.161025,-1.274038,0.001999,176.418534
55.500000,51.509436,-0.161024,-1.240025,0.028014,179.085538
56.000000,51.509431,-0.161024,-1.266825,-0.010424,177.437743
56.500000,51.509425,-0.161024,-1.241039,0.018513,177.642139
57.000000,51.509419,-0.161024,-1.243308,0.005182,179.012872
57.500000,51.509414,-0.161024,-1.253909,0.036732,181.302502
58.000000,51.509408,-0.161023,-1.264925,0.069919,173.080139
58.500000,51.509402,-0.161023,-1.258485,0.026381,176.314108
59.000000,51.509397,-0.161023,-1.275899,0.010296,180.377651
59.500000,51.509391,-0.161022,-1.253203,0.020183,176.620218
60.000000,51.509385,-0.161022,-1.265455,0.019891,181.037631
60.500000,51.509380,-0.161022,-1.254708,-0.008907,179.638014
61.000000,51.509374,-0.161022,-1.239021,-0.029708,176.893220
61.500000,51.509368,-0.161022,-1.238132,-0.036935,181.234077
62.000000,51.509363,-0.161022,-1.258132,-0.025256,180.439091
62.500000,51.509357,-0.161022,-1.263418,-0.004849,179.045521
63.000000,51.509351,-0.161023,-1.247101,-0.037982,185.698973
63.500000,51.509346,-0.161023,-1.282786,-0.002086,181.212698
64.000000,51.509340,-0.161023,-1.244004,-0.039936,182.706480
64.500000,51.509334,-0.161023,-1.236673,-0.017099,182.602567
65.000000,51.509329,-0.161023,-1.269571,0.003865,180.680527
65.500000,51.509323,-0.161023,-1.239324,0.046902,179.350325
66.000000,51.509317,-0.161023,-1.262421,0.051941,179.391760
66.500000,51.509312,-0.161022,-1.273530,0.011933,179.187609
67.000000,51.509306,-0.161022,-1.222662,0.002827,179.317217
67.500000,51.509301,-0.161022,-1.232474,-0.001828,176.408362
68.000000,51.509295,-0.161022,-1.224134,0.005190,181.303346
68.500000,51.509289,-0.161022,-1.229262,-0.001832,180.443872
69.000000,51.509284,-0.161022,-1.255867,-0.004904,176.881934
69.500000,51.509278,-0.161022,-1.252389,0.000365,181.018127
70.000000,51.509272,-0.161022,-1.263901,0.008791,180.375608
70.500000,51.509267,-0.161022,-1.254460,0.006038,178.438026
71.000000,51.509261,-0.161022,-1.259996,0.008737,176.908778
71.500000,51.509256,-0.161022,-0.979493,-0.021015,182.915852
72.000000,51.509252,-0.161022,-0.753737,0.014878,178.208278
72.500000,51.509249,-0.161022,-0.494626,0.010466,175.690240
73.000000,51.509248,-0.161022,-0.264410,0.008221,178.327188
73.500000,51.509247,-0.161021,-0.212724,0.082709,163.626816
74.000000,51.509246,-0.161020,-0.217946,0.118297,147.878326
74.500000,51.509245,-0.161019,-0.156782,0.155103,134.962544
75.000000,51.509244,-0.161018,-0.141376,0.253015,118.846445
75.500000,51.509244,-0.161016,-0.043803,0.242510,101.839432
76.000000,51.509244,-0.161014,0.018110,0.262230,89.307971
76.500000,51.509244,-0.161012,0.064069,0.232452,76.249354
77.000000,51.509244,-0.161010,0.131741,0.231782,60.876641
77.500000,51.509245,-0.161009,0.161394,0.183584,43.873623
78.000000,51.509246,-0.161008,0.214360,0.155544,28.391987
78.500000,51.509247,-0.161007,0.220041,0.065757,15.899542
79.000000,51.509248,-0.161007,0.229760,-0.001202,1.878119
79.500000,51.509250,-0.161007,0.496884,-0.000013,1.178231
80.000000,51.509252,-0.161007,0.746572,-0.010984,-1.247262
80.500000,51.509256,-0.161007,1.004724,0.005015,-1.470002
81.000000,51.509261,-0.161007,1.242673,-0.041767,0.348989
81.500000,51.509267,-0.161007,1.242519,-0.025030,0.007376
82.000000,51.509272,-0.161007,1.260099,-0.020346,1.192467
82.500000,51.509278,-0.161007,1.269587,-0.020963,0.249968
83.000000,51.509284,-0.161007,1.255098,-0.001116,-3.563776
83.500000,51.509289,-0.161007,1.236187,0.005097,-1.199640
84.000000,51.509295,-0.161007,1.270980,-0.047257,2.083548
84.500000,51.509301,-0.161007,1.258702,-0.028777,0.206561
85.000000,51.509306,-0.161007,1.262258,0.003855,0.517228
85.500000,51.509312,-0.161007,1.244197,0.023215,-1.399780
86.000000,51.509317,-0.161007,1.251276,0.028452,-0.313257
86.500000,51.509323,-0.161007,1.235022,0.015398,2.790398
87.000000,51.509329,-0.161007,1.220710,-0.007874,-3.767833
87.500000,51.509334,-0.161007,1.248750,-0.061168,-1.201168
88.000000,51.509340,-0.161008,1.267379,-0.037648,2.122783
88.500000,51.509345,-0.161008,1.246675,-0.035332,1.933871
89.000000,51.509351,-0.161008,1.266437,-0.007854,-1.029867
89.500000,51.509357,-0.161008,1.255965,-0.025835,-0.522627
90.000000,51.509362,-0.161008,1.240409,0.026597,1.936605
90.500000,51.509368,-0.161008,1.239506,-0.016852,1.563287
91.000000,51.509373,-0.161008,1.263838,0.002804,-2.599231
91.500000,51.509379,-0.161008,1.233586,-0.034303,-0.494897
92.000000,51.509385,-0.161008,1.242684,0.000839,-2.677899
92.500000,51.509390,-0.161008,1.241795,-0.034788,-0.257202
93.000000,51.509396,-0.161008,1.245886,-0.013440,-1.816689
93.500000,51.509401,-0.161008,1.243498,0.004352,-0.078410
94.000000,51.509407,-0.161008,1.275915,0.023751,4.026528
94.500000,51.509413,-0.161008,1.242822,0.008861,1.080755
95.000000,51.509418,-0.161008,1.248164,0.051210,1.075103
95.500000,51.509424,-0.161008,1.263151,-0.014778,-2.589972
96.000000,51.509430,-0.161008,1.228813,-0.012017,-1.358905
96.500000,51.509435,-0.161008,1.245315,0.021932,0.548936
97.000000,51.509441,-0.161007,1.237492,0.028181,3.638220
97.500000,51.509447,-0.161007,1.293126,0.007908,2.198137
98.000000,51.509452,-0.161007,1.256745,0.023496,1.717488
98.500000,51.509458,-0.161007,1.228328,0.025321,1.484271
99.000000,51.509463,-0.161006,1.232967,0.052245,2.062979
99.500000,51.509469,-0.161006,1.235391,0.054590,0.194871
100.000000,51.509475,-0.161006,1.258700,-0.016680,-1.983343
100.500000,51.509480,-0.161006,1.241039,0.021700,0.685204
101.000000,51.509486,-0.161006,1.247672,-0.028896,-0.191406
101.500000,51.509491,-0.161006,1.222634,0.010741,1.254943
102.000000,51.509497,-0.161006,1.244565,0.008767,1.613408
102.500000,51.509502,-0.161006,1.270692,-0.016684,-2.911398
103.000000,51.509508,-0.161006,1.239539,0.047841,0.963620
103.500000,51.509514,-0.161006,1.274180,-0.025720,-3.044557
104.000000,51.509519,-0.161006,1.266730,-0.032054,-1.931860
104.500000,51.509525,-0.161006,1.221138,-0.029608,-2.650359
105.000000,51.509530,-0.161007,1.256676,-0.030041,-0.384867
105.500000,51.509536,-0.161007,1.271743,-0.032236,-1.996393
106.000000,51.509542,-0.161007,1.263434,-0.003372,-1.183488
106.500000,51.509547,-0.161007,1.240800,-0.005814,-1.528257
107.000000,51.509553,-0.161007,1.236134,0.001469,1.225456
107.500000,51.509558,-0.161007,1.266269,0.010929,-2.842030
108.000000,51.509564,-0.161007,1.266694,0.004022,-1.764078
108.500000,51.509570,-0.161007,1.281448,-0.014913,-4.510832
109.000000,51.509575,-0.161007,1.269220,-0.015670,-3.894458
109.500000,51.509581,-0.161007,1.256653,-0.006681,-0.432632
110.000000,51.509587,-0.161007,1.278836,-0.044213,-0.015177
110.500000,51.509592,-0.161007,1.026064,-0.021096,0.349080
111.000000,51.509596,-0.161008,0.768421,-0.012292,-1.960271
111.500000,51.509599,-0.161008,0.500189,-0.000231,-5.369385
112.000000,51.509600,-0.161008,0.246513,-0.012256,-2.317773
112.500000,51.509602,-0.161008,0.216075,0.064361,12.488681
113.000000,51.509602,-0.161007,0.219781,0.152633,29.723894
113.500000,51.509603,-0.161005,0.124621,0.206801,46.646285
114.000000,51.509604,-0.161004,0.131078,0.187375,65.268682
114.500000,51.509604,-0.161002,0.051050,0.254866,73.824297
115.000000,51.509604,-0.161000,-0.017292,0.259048,90.673471
115.500000,51.509604,-0.160999,-0.063178,0.222604,104.031737
116.000000,51.509604,-0.160997,-0.122177,0.208113,118.373578
116.500000,51.509603,-0.160996,-0.166229,0.196095,133.751603
117.000000,51.509602,-0.160995,-0.210855,0.122432,150.277436
117.500000,51.509601,-0.160994,-0.256549,0.065881,163.013389
118.000000,51.509600,-0.160994,-0.243489,0.015429,180.284500
118.500000,51.509598,-0.160994,-0.498130,0.011039,179.296590
119.000000,51.509595,-0.160994,-0.770471,0.021314,177.506766
119.500000,51.509591,-0.160993,-1.003376,0.053796,176.096233
120.000000,51.509586,-0.160993,-1.224781,0.017535,178.646289
120.500000,51.509581,-0.160993,-1.253243,0.003244,179.667202
121.000000,51.509575,-0.160993,-1.259557,-0.013420,179.535236
121.500000,51.509569,-0.160993,-1.263746,0.039309,181.033506
122.000000,51.509564,-0.160993,-1.234716,0.013639,179.514767
122.500000,51.509558,-0.160993,-1.252906,0.011415,180.452338
123.000000,51.509552,-0.160993,-1.252488,-0.037559,182.449448
123.500000,51.509547,-0.160993,-1.238330,-0.015081,179.644947
124.000000,51.509541,-0.160993,-1.261874,-0.019757,183.234552
124.500000,51.509535,-0.160993,-1.254567,-0.034366,180.917607
125.000000,51.509530,-0.160994,-1.245439,-0.053026,181.299505
125.500000,51.509524,-0.160994,-1.253852,-0.012296,182.944912
126.000000,51.509518,-0.160994,-1.251528,0.005451,179.110637
126.500000,51.509513,-0.160994,-1.270657,0.035096,173.479361
127.000000,51.509507,-0.160994,-1.226877,0.000649,178.179768
127.500000,51.509502,-0.160994,-1.214281,0.020253,175.413785
128.000000,51.509496,-0.160994,-1.233186,-0.008783,181.140957
128.500000,51.509491,-0.160993,-1.242538,0.035237,177.769859
129.000000,51.509485,-0.160993,-1.256471,0.006568,178.825230
129.500000,51.509479,-0.160993,-1.225541,-0.018211,182.237812
130.000000,51.509474,-0.160993,-1.267960,-0.014865,181.161630
130.500000,51.509468,-0.160994,-1.272592,-0.009664,180.286272
131.000000,51.509462,-0.160994,-1.259037,-0.017911,180.271018
131.500000,51.509457,-0.160994,-1.242995,-0.019340,183.092248
132.000000,51.509451,-0.160994,-1.267154,-0.005625,182.095420
132.500000,51.509445,-0.160994,-1.242736,0.024600,181.304819
133.000000,51.509440,-0.160994,-1.256382,0.032091,180.321436
133.500000,51.509434,-0.160993,-1.247538,0.052338,180.480243
134.000000,51.509428,-0.160993,-1.268461,0.054009,179.098908
134.500000,51.509423,-0.160993,-1.229803,0.041874,176.053589
135.000000,51.509417,-0.160992,-1.217917,0.024265,180.084867
135.500000,51.509412,-0.160992,-1.239388,-0.009660,181.843468
136.000000,51.509406,-0.160992,-1.255861,-0.003254,180.276118
136.500000,51.509401,-0.160992,-1.261588,0.018698,178.210365
137.000000,51.509395,-0.160992,-1.253941,0.023375,180.810839
137.500000,51.509389,-0.160992,-1.244740,0.022523,178.109361
138.000000,51.509384,-0.160992,-1.228787,0.007629,179.655070
138.500000,51.509378,-0.160992,-1.252561,0.029873,179.239576
139.000000,51.509373,-0.160992,-1.240244,0.030170,180.848485
139.500000,51.509367,-0.160991,-1.239204,0.025200,178.082540
140.000000,51.509361,-0.160991,-1.272551,0.029335,179.547634
140.500000,51.509356,-0.160991,-1.274431,0.025474,182.078476
141.000000,51.509350,-0.160991,-1.237650,0.031667,177.327024
141.500000,51.509344,-0.160991,-1.235655,-0.021345,178.811825
142.000000,51.509339,-0.160991,-1.266979,-0.006046,176.700708
142.500000,51.509333,-0.160991,-1.261643,0.022090,178.751344
143.000000,51.509328,-0.160991,-1.259479,-0.011541,181.329803
143.500000,51.509322,-0.160991,-1.249488,-0.015267,183.824213
144.000000,51.509316,-0.160991,-1.223793,-0.002160,180.899761
144.500000,51.509311,-0.160991,-1.264473,0.011291,177.621204
145.000000,51.509305,-0.160991,-1.245036,0.028661,177.527621
145.500000,51.509300,-0.160991,-1.251070,-0.001926,179.540390
146.000000,51.509294,-0.160990,-1.270611,0.035670,182.183287
146.500000,51.509288,-0.160990,-1.249577,-0.016076,181.328681
147.000000,51.509283,-0.160990,-1.225959,0.021190,180.522965
147.500000,51.509277,-0.160990,-1.281481,0.015606,181.121108
148.000000,51.509271,-0.160990,-1.257831,0.036460,180.724742
148.500000,51.509266,-0.160990,-1.275812,0.010637,178.883062
149.000000,51.509260,-0.160990,-1.269391,0.019951,180.161659
149.500000,51.509255,-0.160990,-1.021611,0.010405,180.660419
150.000000,51.509251,-0.160990,-0.761888,0.011272,179.708218
150.500000,51.509248,-0.160990,-0.497314,-0.022186,179.075579
151.000000,51.509246,-0.160990,-0.253577,-0.040430,178.425231
151.500000,51.509245,-0.160990,-0.231415,0.042323,165.657000
152.000000,51.509244,-0.160989,-0.206428,0.147934,151.395127
152.500000,51.509243,-0.160988,-0.167894,0.153225,138.801822
153.000000,51.509243,-0.160987,-0.127868,0.216383,124.630275
153.500000,51.509242,-0.160985,-0.066196,0.233212,104.683860
154.000000,51.509242,-0.160983,-0.008377,0.227395,89.919803
154.500000,51.509242,-0.160982,0.049351,0.252901,73.187416
155.000000,51.509243,-0.160980,0.122582,0.216657,61.952102
155.500000,51.509243,-0.160979,0.163760,0.174004,43.377384
156.000000,51.509244,-0.160978,0.219801,0.124898,33.463297
156.500000,51.509245,-0.160977,0.212766,0.064583,16.585007
157.000000,51.509246,-0.160977,0.251262,0.005792,-1.931795
157.500000,51.509248,-0.160977,0.502158,-0.017948,1.317989
158.000000,51.509251,-0.160977,0.746399,-0.029174,0.943907
158.500000,51.509255,-0.160977,1.018713,-0.026194,-2.405383
159.000000,51.509260,-0.160977,1.245163,-0.013981,0.327115
159.500000,51.509265,-0.160977,1.240419,0.000315,1.369378
160.000000,51.509271,-0.160977,1.257765,-0.024252,1.006732
160.500000,51.509277,-0.160977,1.256314,0.003326,-2.824354
161.000000,51.509282,-0.160977,1.259881,0.015045,-0.411874
161.500000,51.509288,-0.160977,1.240299,0.018003,-0.941724
162.000000,51.509293,-0.160977,1.232188,0.018178,2.718404
162.500000,51.509299,-0.160977,1.256533,0.012226,0.812032
163.000000,51.509305,-0.160977,1.259393,-0.016760,0.146599
163.500000,51.509310,-0.160977,1.238766,0.019518,0.950257
164.000000,51.509316,-0.160977,1.271507,-0.015840,-0.202252
164.500000,51.509322,-0.160977,1.258401,-0.001985,4.454089
165.000000,51.509327,-0.160977,1.256183,-0.003039,3.146584
165.500000,51.509333,-0.160976,1.258344,0.007785,2.997584
166.000000,51.509338,-0.160976,1.268822,0.022291,0.663844
166.500000,51.509344,-0.160976,1.262945,0.000817,0.641228
167.000000,51.509350,-0.160976,1.242078,0.026842,-0.795006
167.500000,51.509355,-0.160976,1.232920,0.001940,2.181213
168.000000,51.509361,-0.160976,1.261939,0.013340,2.978414
168.500000,51.509367,-0.160976,1.250008,-0.011335,1.306920
169.000000,51.509372,-0.160976,1.263531,-0.028569,-0.605236
169.500000,51.509378,-0.160976,1.242460,-0.008522,1.257212
170.000000,51.509383,-0.160976,1.233036,-0.005729,-2.545345
170.500000,51.509389,-0.160976,1.251062,-0.012556,-1.598998
171.000000,51.509395,-0.160976,1.224183,-0.000839,-0.188647
171.500000,51.509400,-0.160976,1.220064,-0.013103,-0.016788
172.000000,51.509406,-0.160976,1.239959,-0.006352,0.583330
172.500000,51.509411,-0.160976,1.234858,0.000589,1.571325
173.000000,51.509417,-0.160976,1.229342,0.034169,0.063577
173.500000,51.509422,-0.160976,1.244556,0.001107,3.381912
174.000000,51.509428,-0.160976,1.256431,0.017665,0.413233
174.500000,51.509433,-0.160976,1.260375,0.019020,0.154948
175.000000,51.509439,-0.160976,1.227799,-0.013572,-0.853501
175.500000,51.509445,-0.160976,1.265464,-0.008485,0.161376
176.000000,51.509450,-0.160976,1.258426,0.037677,0.383980
176.500000,51.509456,-0.160976,1.265578,-0.011217,-0.131636
177.000000,51.509462,-0.160976,1.233879,0.012541,1.888865
177.500000,51.509467,-0.160975,1.236961,0.039217,0.383442
178.000000,51.509473,-0.160975,1.260114,0.026471,-3.827189
178.500000,51.509478,-0.160975,1.255098,0.021119,-3.039502
179.000000,51.509484,-0.160975,1.228553,0.037897,-1.312300
179.500000,51.509490,-0.160975,1.227634,0.022883,0.047723
180.000000,51.509495,-0.160975,1.241094,-0.005002,0.948267
180.500000,51.509501,-0.160975,1.238118,0.013026,0.355337
181.000000,51.509506,-0.160975,1.226000,0.003932,1.213944
181.500000,51.509512,-0.160975,1.238962,-0.014276,0.954461
182.000000,51.509517,-0.160975,1.254744,-0.004916,-0.148153
182.500000,51.509523,-0.160975,1.244876,-0.009366,0.824798
183.000000,51.509529,-0.160975,1.247360,0.021463,-1.170739
183.500000,51.509534,-0.160975,1.256527,0.002319,-3.684398
184.000000,51.509540,-0.160975,1.230100,-0.005485,-0.850201
184.500000,51.509545,-0.160975,1.223535,0.008287,0.450974
185.000000,51.509551,-0.160975,1.265360,-0.025446,1.209063
185.500000,51.509557,-0.160975,1.254948,-0.047601,-2.300863
186.000000,51.509562,-0.160975,1.251830,-0.012861,-1.816451
186.500000,51.509568,-0.160975,1.244686,-0.001251,-1.825288
187.000000,51.509573,-0.160975,1.220067,-0.012203,-2.289936
187.500000,51.509579,-0.160976,1.275294,-0.008602,-1.094946
188.000000,51.509585,-0.160976,1.267129,0.002707,0.741863
188.500000,51.509590,-0.160975,1.006635,-0.002955,2.567761
189.000000,51.509594,-0.160975,0.759525,0.007174,2.455734
189.500000,51.509597,-0.160975,0.490658,-0.012511,4.241477
190.000000,51.509598,-0.160975,0.237836,-0.026625,3.640162
190.500000,51.509599,-0.160975,0.263370,0.057920,14.774722
191.000000,51.509601,-0.160975,0.215695,0.133627,32.300371
191.500000,51.509601,-0.160973,0.166980,0.180208,41.912443
192.000000,51.509602,-0.160972,0.132454,0.231703,64.421877
192.500000,51.509603,-0.160970,0.088683,0.239534,75.648077
193.000000,51.509603,-0.160968,0.021284,0.231416,93.667895
193.500000,51.509603,-0.160967,-0.067234,0.234843,104.055816
194.000000,51.509602,-0.160965,-0.139004,0.220241,116.562728
194.500000,51.509601,-0.160963,-0.180103,0.183581,131.889867
195.000000,51.509601,-0.160962,-0.198403,0.120886,147.817132
195.500000,51.509600,-0.160962,-0.256658,0.100243,161.383292
196.000000,51.509598,-0.160961,-0.246685,0.000193,176.002969
196.500000,51.509597,-0.160961,-0.508383,0.009713,177.879952
197.000000,51.509594,-0.160961,-0.753370,0.016414,182.104224
197.500000,51.509590,-0.160961,-1.008679,0.002703,182.228285
198.000000,51.509585,-0.160961,-1.274593,0.007410,181.226265
198.500000,51.509579,-0.160961,-1.268883,0.023975,178.072560
199.000000,51.509573,-0.160961,-1.235170,-0.024863,183.923921
199.500000,51.509568,-0.160961,-1.249987,-0.018950,177.724324
200.000000,51.509562,-0.160961,-1.239856,0.010649,180.846396
200.500000,51.509557,-0.160961,-1.269807,-0.002850,179.204056
201.000000,51.509551,-0.160961,-1.274955,0.021698,177.541730
201.500000,51.509545,-0.160961,-1.256793,0.027202,181.930591
202.000000,51.509540,-0.160961,-1.253434,0.021588,180.697317
202.500000,51.509534,-0.160960,-1.264496,0.028330,179.787298
203.000000,51.509528,-0.160960,-1.261796,0.001951,180.237393
203.500000,51.509523,-0.160960,-1.263022,0.010715,180.387749
204.000000,51.509517,-0.160960,-1.252672,0.025660,182.284052
204.500000,51.509511,-0.160960,-1.243032,0.033168,179.165568
205.000000,51.509506,-0.160960,-1.238843,0.017720,180.823464
205.500000,51.509500,-0.160960,-1.254091,0.007327,178.797582
206.000000,51.509494,-0.160960,-1.269416,-0.009213,179.889541
206.500000,51.509489,-0.160960,-1.227445,-0.017045,181.458647
207.000000,51.509483,-0.160960,-1.236244,-0.022579,183.624255
207.500000,51.509478,-0.160960,-1.238489,-0.022235,179.204201
208.000000,51.509472,-0.160960,-1.244767,-0.006770,181.995754
208.500000,51.509467,-0.160960,-1.237947,-0.039675,180.888961
209.000000,51.509461,-0.160960,-1.250713,0.003291,182.629155
209.500000,51.509455,-0.160960,-1.264226,-0.006353,183.034773
210.000000,51.509450,-0.160960,-1.264497,0.025934,181.450754
210.500000,51.509444,-0.160960,-1.251924,0.040171,178.814075
211.000000,51.509438,-0.160960,-1.253314,-0.005365,183.955738
211.500000,51.509433,-0.160960,-1.264490,0.039739,177.804280
212.000000,51.509427,-0.160960,-1.252280,-0.007751,180.714545
212.500000,51.509421,-0.160960,-1.251618,0.001231,178.739193
213.000000,51.509416,-0.160960,-1.244821,-0.051824,178.696076
213.500000,51.509410,-0.160960,-1.234862,-0.003599,183.388566
214.000000,51.509405,-0.160960,-1.264641,0.003687,178.722257
214.500000,51.509399,-0.160960,-1.244443,0.012514,180.854820
215.000000,51.509393,-0.160960,-1.224620,0.004560,181.758888
215.500000,51.509388,-0.160960,-1.240127,-0.009970,177.680123
216.000000,51.509382,-0.160960,-1.244451,-0.019611,181.086951
216.500000,51.509377,-0.160960,-1.265534,-0.010485,181.586203
217.000000,51.509371,-0.160960,-1.236830,-0.026332,177.392913
217.500000,51.509365,-0.160960,-1.256273,-0.004729,176.724634
218.000000,51.509360,-0.160960,-1.241409,0.015392,178.739973
218.500000,51.509354,-0.160960,-1.241877,-0.022642,182.082548
219.000000,51.509349,-0.160960,-1.265990,0.018551,178.460234
219.500000,51.509343,-0.160960,-1.265024,0.008418,181.271266
220.000000,51.509337,-0.160960,-1.232877,-0.017589,181.059736
220.500000,51.509332,-0.160960,-1.274370,0.015826,181.143309
221.000000,51.509326,-0.160960,-1.231457,-0.011687,179.663294
221.500000,51.509321,-0.160960,-1.237869,-0.009297,182.617188
222.000000,51.509315,-0.160960,-1.254031,0.023592,176.407288
222.500000,51.509309,-0.160960,-1.247492,-0.004716,180.190169
223.000000,51.509304,-0.160960,-1.242189,-0.011972,179.906097
223.500000,51.509298,-0.160960,-1.240630,-0.017546,178.454313
224.000000,51.509292,-0.160960,-1.262186,-0.012729,179.635598
224.500000,51.509287,-0.160960,-1.247866,-0.004513,180.061413
225.000000,51.509281,-0.160960,-1.261029,0.005877,177.821170
225.500000,51.509276,-0.160960,-1.242269,-0.002447,182.908011
226.000000,51.509270,-0.160960,-1.264932,-0.005965,180.352997
226.500000,51.509264,-0.160960,-1.249712,-0.003502,182.968657
227.000000,51.509259,-0.160960,-1.260657,-0.009353,181.558831
227.500000,51.509254,-0.160960,-1.002657,0.020595,180.841047
228.000000,51.509250,-0.160960,-0.762788,0.005696,180.120664
228.500000,51.509247,-0.160960,-0.514820,0.001167,181.626265
229.000000,51.509245,-0.160960,-0.256456,-0.019889,181.771264
229.500000,51.509244,-0.160960,-0.226545,0.091237,163.295930
230.000000,51.509243,-0.160959,-0.228170,0.136656,149.640159
230.500000,51.509242,-0.160958,-0.205122,0.179042,134.845069
231.000000,51.509241,-0.160956,-0.105358,0.230965,121.461448
231.500000,51.509241,-0.160955,-0.068215,0.243426,107.470575
232.000000,51.509241,-0.160953,0.001040,0.251265,88.979094
232.500000,51.509241,-0.160951,0.058426,0.264789,76.706956
233.000000,51.509242,-0.160949,0.129156,0.214060,58.208537
233.500000,51.509242,-0.160948,0.163100,0.184561,44.701485
234.000000,51.509243,-0.160947,0.213969,0.123359,32.983178
234.500000,51.509244,-0.160946,0.228622,0.069311,16.543800
235.000000,51.509245,-0.160946,0.232948,-0.022214,-2.405842
235.500000,51.509247,-0.160946,0.501197,-0.009541,1.338240
236.000000,51.509250,-0.160946,0.768583,0.003723,3.241575
236.500000,51.509254,-0.160946,1.015280,-0.013791,0.914636
237.000000,51.509259,-0.160946,1.258949,0.014348,-0.014038
237.500000,51.509265,-0.160946,1.245141,0.009533,-1.681593
238.000000,51.509270,-0.160946,1.241533,0.027055,-0.630374
238.500000,51.509276,-0.160946,1.244943,0.011326,-0.033550
239.000000,51.509281,-0.160946,1.235625,-0.043002,1.363415
239.500000,51.509287,-0.160946,1.244736,-0.022799,-2.113265
240.000000,51.509293,-0.160946,1.242916,-0.024398,-3.260800
240.500000,51.509298,-0.160946,1.249033,-0.004976,-3.503766
241.000000,51.509304,-0.160947,1.237193,0.000678,-0.087816
241.500000,51.509309,-0.160946,1.257135,0.000382,3.248119
242.000000,51.509315,-0.160946,1.221756,0.002156,0.916775
242.500000,51.509321,-0.160946,1.246604,0.035368,-1.126746
243.000000,51.509326,-0.160946,1.254711,0.010856,-0.170353
243.500000,51.509332,-0.160946,1.257050,-0.028330,0.623955
244.000000,51.509337,-0.160946,1.244539,0.008725,0.275119
244.500000,51.509343,-0.160946,1.234782,0.003327,-1.322568
245.000000,51.509349,-0.160946,1.250209,-0.008307,-1.059757
245.500000,51.509354,-0.160946,1.254736,-0.035200,2.578881
246.000000,51.509360,-0.160946,1.214652,0.023917,-2.519939
246.500000,51.509365,-0.160946,1.233883,-0.006583,-1.343277
247.000000,51.509371,-0.160946,1.248778,0.002311,0.574972
247.500000,51.509377,-0.160946,1.225027,0.007324,-2.321044
248.000000,51.509382,-0.160946,1.246025,-0.010804,0.060826
248.500000,51.509388,-0.160946,1.215330,-0.007403,-2.291457
249.000000,51.509393,-0.160947,1.252588,-0.014235,-2.519398
249.500000,51.509399,-0.160947,1.232519,-0.027368,-0.555159
250.000000,51.509404,-0.160947,1.249757,-0.027638,-0.530160
250.500000,51.509410,-0.160947,1.225952,-0.030300,-2.325508
251.000000,51.509416,-0.160947,1.237721,-0.036552,-0.431499
251.500000,51.509421,-0.160948,1.255028,-0.028878,-1.590761
252.000000,51.509427,-0.160948,1.250384,-0.021090,-3.301976
252.500000,51.509432,-0.160948,1.252721,-0.006832,-2.888139
253.000000,51.509438,-0.160948,1.226383,-0.013891,-0.493757
253.500000,51.509444,-0.160948,1.235305,0.010267,0.307240
254.000000,51.509449,-0.160948,1.281394,-0.027678,-1.448082
254.500000,51.509455,-0.160948,1.252039,-0.023904,1.897749
255.000000,51.509461,-0.160948,1.242853,-0.003115,4.106615
255.500000,51.509466,-0.160948,1.253256,-0.013587,3.056254
256.000000,51.509472,-0.160948,1.257384,-0.000755,0.543435
256.500000,51.509478,-0.160948,1.246162,0.026523,-1.450965
257.000000,51.509483,-0.160948,1.259850,-0.002461,-1.650942
257.500000,51.509489,-0.160948,1.242183,0.016645,2.161889
258.000000,51.509494,-0.160948,1.239173,-0.024778,1.596663
258.500000,51.509500,-0.160948,1.265428,-0.007302,-2.554400
259.000000,51.509506,-0.160948,1.234244,0.021834,2.208104
259.500000,51.509511,-0.160948,1.242964,0.010457,4.130350
260.000000,51.509517,-0.160948,1.265963,0.022496,-1.097572
260.500000,51.509522,-0.160948,1.238265,0.036175,2.960216
261.000000,51.509528,-0.160947,1.258977,0.059945,1.518959
261.500000,51.509534,-0.160947,1.265427,0.046747,5.445810
262.000000,51.509539,-0.160947,1.270172,0.075824,2.235632
262.500000,51.509545,-0.160946,1.270935,0.054708,-1.744486
263.000000,51.509551,-0.160946,1.272396,0.063730,2.740139
263.500000,51.509556,-0.160946,1.240836,0.034394,-1.640667
264.000000,51.509562,-0.160945,1.236253,0.023000,3.406196
264.500000,51.509568,-0.160945,1.245704,0.022876,0.731820
265.000000,51.509573,-0.160945,1.235829,0.001884,0.171551
265.500000,51.509579,-0.160945,1.231160,-0.000380,1.800888
266.000000,51.509584,-0.160945,1.249482,0.030711,-0.767089
266.500000,51.509589,-0.160945,1.014936,0.003305,1.977103
267.000000,51.509593,-0.160945,0.769726,-0.016564,-2.006731
267.500000,51.509596,-0.160945,0.507880,0.031299,3.261888
268.000000,51.509598,-0.160945,0.256247,-0.006476,4.069248
268.500000,51.509599,-0.160944,0.245552,0.022882,15.944217
269.000000,51.509600,-0.160944,0.196269,0.129899,28.801461
269.500000,51.509601,-0.160943,0.206494,0.185470,45.141829
270.000000,51.509602,-0.160941,0.118267,0.247464,60.978587
270.500000,51.509602,-0.160939,0.069153,0.227319,72.530826
271.000000,51.509602,-0.160937,-0.004619,0.266290,88.254909
271.500000,51.509602,-0.160936,-0.055078,0.241470,105.724088
272.000000,51.509602,-0.160934,-0.150262,0.268279,118.899254
272.500000,51.509601,-0.160932,-0.176439,0.197843,133.004963
273.000000,51.509600,-0.160931,-0.241571,0.137733,151.695389
273.500000,51.509599,-0.160930,-0.207788,0.032988,163.837849
274.000000,51.509598,-0.160930,-0.246811,0.009210,180.060853
274.500000,51.509596,-0.160930,-0.510625,0.002975,180.754283
275.000000,51.509594,-0.160930,-0.740535,0.009537,179.766465
275.500000,51.509590,-0.160930,-1.000680,-0.011236,179.406019
276.000000,51.509585,-0.160930,-1.256368,-0.001180,182.749854
276.500000,51.509579,-0.160930,-1.286734,-0.007046,179.551800
277.000000,51.509574,-0.160929,-1.271458,0.029601,178.692215
277.500000,51.509568,-0.160929,-1.266968,0.018042,180.090371
278.000000,51.509562,-0.160929,-1.252208,0.019008,180.636156
278.500000,51.509557,-0.160929,-1.239551,0.011841,179.065214
279.000000,51.509551,-0.160929,-1.264516,-0.003829,176.214697
279.500000,51.509546,-0.160929,-1.273041,0.009602,176.619113
280.000000,51.509540,-0.160928,-1.269283,-0.002045,180.010951
280.500000,51.509534,-0.160928,-1.253103,0.002701,182.874995
281.000000,51.509529,-0.160928,-1.241534,0.011616,179.516201
281.500000,51.509523,-0.160928,-1.241851,0.010284,182.768058
282.000000,51.509518,-0.160928,-1.231267,-0.016684,184.823011
282.500000,51.509512,-0.160928,-1.246388,0.005376,180.625257
283.000000,51.509506,-0.160928,-1.245772,-0.009130,180.611762
283.500000,51.509501,-0.160928,-1.247236,0.006661,178.484885
284.000000,51.509495,-0.160928,-1.253548,0.014287,178.239621
284.500000,51.509490,-0.160928,-1.246377,0.025308,176.406193
285.000000,51.509484,-0.160928,-1.240871,0.053409,178.104274
285.500000,51.509479,-0.160927,-1.240311,0.059494,176.144922
286.000000,51.509473,-0.160927,-1.242038,0.067111,177.077418
286.500000,51.509467,-0.160926,-1.237230,0.030671,179.753071
287.000000,51.509462,-0.160926,-1.266944,0.057361,175.968196
287.500000,51.509456,-0.160926,-1.255304,0.034170,177.944019
288.000000,51.509450,-0.160925,-1.278940,0.045361,179.859087
288.500000,51.509445,-0.160925,-1.258366,0.015360,174.473004
289.000000,51.509439,-0.160925,-1.247743,0.035963,176.824523
289.500000,51.509433,-0.160924,-1.259282,0.017868,174.288413
290.000000,51.509428,-0.160924,-1.266406,-0.008168,182.092605
290.500000,51.509422,-0.160924,-1.268292,0.007051,179.216848
291.000000,51.509416,-0.160924,-1.281169,0.013369,179.282004
291.500000,51.509411,-0.160924,-1.253681,0.000675,181.175861
292.000000,51.509405,-0.160924,-1.271297,-0.015231,178.924063
292.500000,51.509399,-0.160924,-1.275899,-0.009250,178.570321
293.000000,51.509394,-0.160924,-1.258444,-0.006374,179.153986
293.500000,51.509388,-0.160924,-1.248244,-0.028617,180.481849
294.000000,51.509382,-0.160924,-1.232269,-0.042559,180.489278
294.500000,51.509377,-0.160925,-1.250147,-0.021181,181.915938
295.000000,51.509371,-0.160925,-1.245434,-0.035097,182.566773
295.500000,51.509366,-0.160925,-1.232488,-0.045786,185.171830
296.000000,51.509360,-0.160926,-1.248032,-0.042968,179.810377
296.500000,51.509354,-0.160926,-1.221980,-0.008957,184.919895
297.000000,51.509349,-0.160926,-1.253256,0.035566,178.930013
297.500000,51.509343,-0.160926,-1.217314,-0.011861,181.473367
298.000000,51.509338,-0.160926,-1.265585,-0.013936,180.821138
298.500000,51.509332,-0.160926,-1.265695,-0.026513,181.747917
299.000000,51.509326,-0.160926,-1.234031,-0.016688,178.551194
299.500000,51.509321,-0.160926,-1.238487,-0.055511,178.543451
300.000000,51.509315,-0.160927,-1.237491,-0.053739,180.398983
300.500000,51.509310,-0.160927,-1.273366,-0.006506,184.217440
301.000000,51.509304,-0.160927,-1.255020,-0.003137,183.539472
301.500000,51.509298,-0.160927,-1.230274,-0.030084,182.175507
302.000000,51.509293,-0.160927,-1.239607,-0.017359,179.011151
302.500000,51.509287,-0.160927,-1.234876,0.005184,181.762893
303.000000,51.509282,-0.160927,-1.226847,0.010891,181.392683
303.500000,51.509276,-0.160927,-1.249793,-0.017255,179.726292
304.000000,51.509271,-0.160928,-1.220498,-0.010782,180.908340
304.500000,51.509265,-0.160928,-1.274136,0.001292,179.767026
305.000000,51.509259,-0.160928,-1.252820,0.016606,181.959204
305.500000,51.509254,-0.160928,-0.967596,0.003694,180.602601
306.000000,51.509250,-0.160928,-0.755273,0.020705,180.864578
306.500000,51.509248,-0.160928,-0.503769,-0.033171,180.356217
307.000000,51.509246,-0.160928,-0.241291,-0.011238,180.485960
307.500000,51.509245,-0.160928,-0.252604,0.071329,164.247572
308.000000,51.509244,-0.160927,-0.208822,0.113367,148.997465
308.500000,51.509243,-0.160926,-0.160707,0.181338,136.248106
309.000000,51.509242,-0.160924,-0.119294,0.230742,121.989886
309.500000,51.509242,-0.160923,-0.075722,0.245664,104.564091
310.000000,51.509242,-0.160921,0.004022,0.219785,88.279581
310.500000,51.509242,-0.160919,0.078133,0.244012,75.514865
311.000000,51.509242,-0.160918,0.108325,0.240731,62.135943
311.500000,51.509243,-0.160916,0.155842,0.182253,46.020387
312.000000,51.509244,-0.160915,0.227778,0.130294,30.583919
312.500000,51.509245,-0.160914,0.216170,0.092945,12.880941
313.000000,51.509246,-0.160914,0.225012,0.017363,0.391893
313.500000,51.509247,-0.160914,0.486657,0.001738,-2.040193
314.000000,51.509250,-0.160914,0.748824,0.016234,-1.950974
314.500000,51.509254,-0.160914,0.974176,0.005063,4.173572
315.000000,51.509259,-0.160914,1.239240,0.002079,-0.294869
315.500000,51.509265,-0.160914,1.235413,0.000885,1.551486
316.000000,51.509270,-0.160914,1.238354,0.035527,1.856070
316.500000,51.509276,-0.160914,1.250373,-0.006222,-2.778684
317.000000,51.509281,-0.160914,1.269734,0.009029,0.659806
317.500000,51.509287,-0.160914,1.260164,0.030094,2.681913
318.000000,51.509293,-0.160913,1.253449,0.017159,6.265799
318.500000,51.509298,-0.160913,1.253849,0.005503,1.289360
319.000000,51.509304,-0.160913,1.250962,-0.003738,0.956999
319.500000,51.509310,-0.160913,1.247461,-0.004186,0.246669
320.000000,51.509315,-0.160913,1.257117,0.002674,-0.286021
320.500000,51.509321,-0.160913,1.258643,-0.000610,1.354179
321.000000,51.509326,-0.160913,1.257958,-0.017317,-3.437497
321.500000,51.509332,-0.160914,1.229869,-0.004404,1.803987
322.000000,51.509338,-0.160914,1.226826,0.002116,0.896995
322.500000,51.509343,-0.160914,1.241849,-0.022152,-1.364549
323.000000,51.509349,-0.160914,1.253947,-0.032029,0.369367
323.500000,51.509354,-0.160914,1.252270,-0.023153,0.420857
324.000000,51.509360,-0.160914,1.232389,0.001673,-2.619866
324.500000,51.509366,-0.160915,1.250392,-0.022942,-1.974480
325.000000,51.509371,-0.160915,1.280882,-0.048453,-0.972110
325.500000,51.509377,-0.160915,1.255801,-0.029055,0.764486
326.000000,51.509382,-0.160915,1.252199,0.029021,1.892973
326.500000,51.509388,-0.160915,1.261683,-0.020650,1.160501
327.000000,51.509394,-0.160915,1.274715,-0.013769,-1.378628
327.500000,51.509399,-0.160916,1.261986,-0.013698,1.759189
328.000000,51.509405,-0.160916,1.229851,-0.009188,0.607752
328.500000,51.509411,-0.160916,1.238536,-0.008649,1.025397
329.000000,51.509416,-0.160916,1.227596,-0.018541,1.219829
329.500000,51.509422,-0.160916,1.252904,-0.020941,-0.144958
330.000000,51.509427,-0.160916,1.262126,0.013355,-0.780947
330.500000,51.509433,-0.160916,1.242048,0.023929,0.629167
331.000000,51.509439,-0.160916,1.233599,0.027583,0.223447
331.500000,51.509444,-0.160916,1.268084,0.031009,1.927840
332.000000,51.509450,-0.160916,1.234145,-0.000230,-0.214070
332.500000,51.509455,-0.160916,1.242571,0.013226,0.528995
333.000000,51.509461,-0.160916,1.275019,-0.027632,-1.201954
333.500000,51.509467,-0.160916,1.237900,0.006737,0.956828
334.000000,51.509472,-0.160916,1.240514,0.001053,-1.389042
334.500000,51.509478,-0.160916,1.256768,-0.019834,-1.828873
335.000000,51.509483,-0.160916,1.237958,0.003286,-1.377813
335.500000,51.509489,-0.160916,1.248579,0.009744,0.830066
336.000000,51.509495,-0.160916,1.238080,0.001757,0.002804
336.500000,51.509500,-0.160916,1.241581,0.026061,-1.679109
337.000000,51.509506,-0.160916,1.264344,-0.002980,-1.860629
337.500000,51.509512,-0.160916,1.255269,-0.019962,-0.237867
338.000000,51.509517,-0.160916,1.242344,0.017923,-2.032577
338.500000,51.509523,-0.160916,1.254082,-0.014725,-1.743820
339.000000,51.509528,-0.160916,1.223371,0.015785,4.527464
339.500000,51.509534,-0.160916,1.249108,-0.009244,0.370266
340.000000,51.509539,-0.160916,1.242292,-0.017104,-4.180254
340.500000,51.509545,-0.160916,1.254291,0.004421,-0.420970
341.000000,51.509551,-0.160916,1.243866,0.025934,-0.115135
341.500000,51.509556,-0.160916,1.269198,0.000692,-2.710095
342.000000,51.509562,-0.160916,1.274857,-0.014218,-1.706351
342.500000,51.509568,-0.160916,1.246842,-0.008729,1.413216
343.000000,51.509573,-0.160916,1.245472,-0.001382,-2.204543
343.500000,51.509579,-0.160916,1.229630,0.011650,0.083476
344.000000,51.509584,-0.160917,1.227821,-0.053316,-4.235403
344.500000,51.509589,-0.160917,0.973162,-0.012986,-1.804002
345.000000,51.509593,-0.160917,0.737013,0.015677,-3.274315
345.500000,51.509596,-0.160917,0.492012,0.010383,0.092934
346.000000,51.509598,-0.160917,0.237626,0.008995,-2.141307
346.500000,51.509599,-0.160916,0.208144,0.071673,16.232573
347.000000,51.509600,-0.160916,0.181367,0.129551,31.159783
347.500000,51.509600,-0.160915,0.163319,0.140796,40.283327
348.000000,51.509601,-0.160913,0.105513,0.213036,55.477696
348.500000,51.509601,-0.160912,0.064982,0.193455,75.482541
349.000000,51.509602,-0.160910,-0.013947,0.256859,91.270775
349.500000,51.509601,-0.160908,-0.046511,0.225122,105.199541
350.000000,51.509601,-0.160907,-0.108534,0.191615,117.910521
350.500000,51.509601,-0.160906,-0.166047,0.161975,132.303778
351.000000,51.509600,-0.160905,-0.214126,0.115036,152.630645
351.500000,51.509599,-0.160904,-0.240206,0.052452,165.077639
352.000000,51.509598,-0.160904,-0.242862,-0.009830,180.966300
352.500000,51.509596,-0.160904,-0.511483,-0.012582,183.142979
353.000000,51.509593,-0.160904,-0.761809,-0.031125,181.124686
353.500000,51.509589,-0.160904,-1.038918,-0.020754,181.337091
354.000000,51.509584,-0.160904,-1.242233,-0.042942,184.065532
354.500000,51.509579,-0.160904,-1.250684,0.016850,179.170184
355.000000,51.509573,-0.160904,-1.241256,-0.011352,180.470902
355.500000,51.509568,-0.160904,-1.259769,0.001586,182.331374
356.000000,51.509562,-0.160904,-1.244069,-0.005196,181.214852
356.500000,51.509557,-0.160904,-1.229673,-0.017246,178.868487
357.000000,51.509551,-0.160905,-1.283316,-0.004290,178.987349
357.500000,51.509545,-0.160904,-1.263556,0.023506,182.257946
358.000000,51.509540,-0.160904,-1.272426,0.036527,179.106527
358.500000,51.509534,-0.160904,-1.262574,0.037883,180.363364
359.000000,51.509529,-0.160904,-1.270575,0.014191,181.969262
359.500000,51.509523,-0.160904,-1.266963,0.018606,182.292608
360.000000,51.509517,-0.160904,-1.266698,-0.002412,180.416943
360.500000,51.509512,-0.160904,-1.261502,-0.002227,184.834315
361.000000,51.509506,-0.160904,-1.255884,-0.017428,180.305763
361.500000,51.509500,-0.160904,-1.251172,-0.010704,180.292384
362.000000,51.509495,-0.160904,-1.265931,-0.000682,181.665879
362.500000,51.509489,-0.160904,-1.241241,-0.002453,181.674319
363.000000,51.509484,-0.160904,-1.270990,0.011785,179.382346
363.500000,51.509478,-0.160904,-1.232769,0.003164,181.810096
364.000000,51.509472,-0.160904,-1.238175,-0.005268,178.745432
364.500000,51.509467,-0.160904,-1.251208,0.008988,180.852145
365.000000,51.509461,-0.160904,-1.264061,0.017612,181.020219
365.500000,51.509455,-0.160904,-1.254316,0.001112,181.084509
366.000000,51.509450,-0.160904,-1.295457,0.001265,180.782162
366.500000,51.509444,-0.160904,-1.249725,0.016059,176.178401
367.000000,51.509438,-0.160904,-1.238769,0.007805,178.639255
367.500000,51.509433,-0.160903,-1.257001,0.047726,180.190293
368.000000,51.509427,-0.160903,-1.251902,0.010516,177.830444
368.500000,51.509422,-0.160903,-1.244768,0.003981,176.295348
369.000000,51.509416,-0.160903,-1.247264,-0.026568,179.809945
369.500000,51.509410,-0.160903,-1.260099,0.026098,181.982640
370.000000,51.509405,-0.160903,-1.234954,0.006735,182.295217
370.500000,51.509399,-0.160903,-1.222325,0.004070,182.673800
371.000000,51.509394,-0.160903,-1.240033,0.002285,182.005087
371.500000,51.509388,-0.160903,-1.231117,-0.021405,182.457446
372.000000,51.509383,-0.160903,-1.249245,0.005215,181.507132
372.500000,51.509377,-0.160904,-1.222803,-0.017593,179.321389
373.000000,51.509372,-0.160903,-1.249539,0.015039,180.109621
373.500000,51.509366,-0.160903,-1.242732,0.034898,179.008190
374.000000,51.509360,-0.160903,-1.242899,0.025575,180.933971
374.500000,51.509355,-0.160903,-1.252150,0.028708,178.206985
375.000000,51.509349,-0.160903,-1.262571,0.029102,178.357068
375.500000,51.509343,-0.160903,-1.242531,0.014510,177.191337
376.000000,51.509338,-0.160902,-1.276151,0.027688,179.497429
376.500000,51.509332,-0.160902,-1.271192,0.029892,184.483238
377.000000,51.509326,-0.160902,-1.230870,-0.012790,178.804723
377.500000,51.509321,-0.160902,-1.249212,0.011810,181.805135
378.000000,51.509315,-0.160902,-1.234642,0.008783,182.053918
378.500000,51.509310,-0.160902,-1.275491,0.024515,179.180024
379.000000,51.509304,-0.160902,-1.243841,0.010788,179.281968
379.500000,51.509298,-0.160902,-1.262196,-0.038252,181.964584
380.000000,51.509293,-0.160902,-1.249617,-0.027945,180.997720
380.500000,51.509287,-0.160903,-1.271799,-0.031208,183.748348
381.000000,51.509281,-0.160903,-1.243980,-0.038588,181.784869
381.500000,51.509276,-0.160903,-1.238512,-0.001063,176.779937
382.000000,51.509270,-0.160903,-1.253159,-0.036455,180.808957
382.500000,51.509264,-0.160903,-1.258475,-0.002575,180.310104
383.000000,51.509259,-0.160903,-1.249404,-0.042612,178.892553
383.500000,51.509254,-0.160904,-0.998912,0.009882,178.223710
384.000000,51.509250,-0.160903,-0.752054,0.010178,180.319311
384.500000,51.509247,-0.160903,-0.510441,-0.005345,178.984526
385.000000,51.509245,-0.160903,-0.253572,-0.014287,178.987433
385.500000,51.509244,-0.160903,-0.261680,0.060944,159.538879
386.000000,51.509243,-0.160902,-0.219833,0.137133,145.347429
386.500000,51.509242,-0.160901,-0.179242,0.153768,136.240275
387.000000,51.509242,-0.160900,-0.106668,0.223231,118.377841
387.500000,51.509241,-0.160898,-0.060923,0.252081,105.514274
388.000000,51.509241,-0.160896,-0.005921,0.281375,88.636010
388.500000,51.509241,-0.160894,0.058059,0.243896,74.730138
389.000000,51.509242,-0.160893,0.105603,0.232877,59.641460
389.500000,51.509242,-0.160891,0.184299,0.149167,47.626064
390.000000,51.509243,-0.160890,0.194568,0.134228,31.002876
390.500000,51.509244,-0.160890,0.248171,0.075577,16.670708
391.000000,51.509245,-0.160890,0.265054,-0.021026,-4.530817
391.500000,51.509247,-0.160890,0.487754,0.010683,-2.813763
392.000000,51.509250,-0.160890,0.760191,0.023480,-2.785006
392.500000,51.509254,-0.160890,1.005400,-0.001602,-0.682305
393.000000,51.509259,-0.160890,1.252243,-0.023378,0.913589
393.500000,51.509264,-0.160890,1.251785,-0.004832,-1.544208
394.000000,51.509270,-0.160890,1.264563,-0.035178,-1.461002
394.500000,51.509276,-0.160891,1.250559,-0.061199,-0.405177
395.000000,51.509281,-0.160891,1.225323,-0.008762,-0.722463
395.500000,51.509287,-0.160891,1.246558,0.012934,-4.186290
396.000000,51.509293,-0.160891,1.246114,-0.030526,-5.905656
396.500000,51.509298,-0.160891,1.231501,-0.010654,-1.526797
397.000000,51.509304,-0.160891,1.249745,-0.038811,-1.967729
397.500000,51.509309,-0.160892,1.229806,-0.027388,0.341457
398.000000,51.509315,-0.160892,1.252280,-0.018413,-1.578672
398.500000,51.509321,-0.160892,1.258069,-0.010564,-1.626352
399.000000,51.509326,-0.160892,1.279770,-0.037790,-3.585783
399.500000,51.509332,-0.160892,1.242550,-0.000960,-0.006906
400.000000,51.509338,-0.160892,1.234956,0.032066,-0.166778
400.500000,51.509343,-0.160892,1.263198,-0.011837,0.241452
401.000000,51.509349,-0.160892,1.219535,0.024374,2.909472
401.500000,51.509354,-0.160892,1.261812,-0.001463,-3.418266
402.000000,51.509360,-0.160892,1.250497,-0.023699,2.357961
402.500000,51.509366,-0.160892,1.241706,-0.039231,-0.690787
403.000000,51.509371,-0.160893,1.256951,-0.049206,-1.843498
403.500000,51.509377,-0.160893,1.254649,-0.055639,1.071477
404.000000,51.509383,-0.160893,1.246716,-0.050940,-4.318970
404.500000,51.509388,-0.160894,1.253156,-0.032826,-1.388518
405.000000,51.509394,-0.160894,1.207074,0.003398,0.422144
405.500000,51.509399,-0.160894,1.242565,-0.021812,0.434742
406.000000,51.509405,-0.160894,1.239172,0.011608,2.876739
406.500000,51.509411,-0.160894,1.240190,0.000824,-0.723658
407.000000,51.509416,-0.160894,1.235000,-0.004654,-3.705799
407.500000,51.509422,-0.160894,1.249262,-0.007770,1.373505
408.000000,51.509427,-0.160894,1.271879,0.002970,-0.944601
408.500000,51.509433,-0.160894,1.239774,0.023881,1.132439
409.000000,51.509438,-0.160894,1.222785,0.008473,-1.164599
409.500000,51.509444,-0.160893,1.265297,0.023349,-2.762660
410.000000,51.509450,-0.160893,1.255931,0.003815,-0.854787
410.500000,51.509455,-0.160893,1.233669,0.026068,1.934985
411.000000,51.509461,-0.160893,1.249480,0.022446,4.361153
411.500000,51.509466,-0.160893,1.229596,0.028424,-2.363507
412.000000,51.509472,-0.160893,1.237791,0.007802,-2.972555
412.500000,51.509478,-0.160893,1.246710,0.026716,-0.307388
413.000000,51.509483,-0.160892,1.225691,0.032749,3.371766
413.500000,51.509489,-0.160892,1.256371,0.001416,-0.176867
414.000000,51.509494,-0.160892,1.231454,0.008845,0.221442
414.500000,51.509500,-0.160892,1.240445,-0.016011,-1.667273
415.000000,51.509505,-0.160892,1.229736,-0.014844,1.772023
415.500000,51.509511,-0.160892,1.237184,-0.013579,1.299859
416.000000,51.509517,-0.160893,1.269969,-0.033481,-0.190081
416.500000,51.509522,-0.160893,1.211521,0.021476,-1.893994
417.000000,51.509528,-0.160893,1.239213,-0.028941,0.389971
417.500000,51.509533,-0.160893,1.233717,-0.049545,-2.402254
418.000000,51.509539,-0.160893,1.251069,-0.019223,-5.321325
418.500000,51.509544,-0.160893,1.240937,-0.018428,2.161770
419.000000,51.509550,-0.160893,1.238835,0.004490,-4.643803
419.500000,51.509556,-0.160893,1.235250,0.007686,-0.859002
420.000000,51.509561,-0.160893,1.239876,-0.018058,1.420104
420.500000,51.509567,-0.160893,1.226972,0.015330,0.329629
421.000000,51.509572,-0.160893,1.258496,0.020090,-0.757033
421.500000,51.509578,-0.160893,1.232942,0.021258,-4.651847
422.000000,51.509583,-0.160893,1.256934,-0.007465,-0.579465
422.500000,51.509588,-0.160893,0.964568,0.008451,-0.673674
423.000000,51.509592,-0.160893,0.735922,-0.010316,-1.746323
423.500000,51.509595,-0.160893,0.485038,-0.005959,2.052010
424.000000,51.509597,-0.160893,0.292931,0.011683,-4.051328
424.500000,51.509598,-0.160893,0.129256,-0.003978,-3.174899
425.000000,51.509598,-0.160893,-0.000739,-0.008449,1.466232
