Time(s),Latitude(deg),Longitude(deg),Height(m),North(m/s),East(m/s),Down(m/s)
0.000000,51.509254,-0.161045,38.821112,-0.016004,0.047202,0.009420
0.500000,51.509255,-0.161045,38.825136,0.146987,-0.018785,-0.022476
1.000000,51.509255,-0.161045,38.824966,0.235158,0.013014,0.014250
1.500000,51.509257,-0.161045,38.804464,0.505821,-0.016087,0.033719
2.000000,51.509260,-0.161045,38.783451,0.760732,0.007502,0.046350
2.500000,51.509264,-0.161045,38.769783,0.982923,0.011283,-0.022287
3.000000,51.509269,-0.161045,38.780334,1.240430,0.013956,-0.031521
3.500000,51.509274,-0.161045,38.789478,1.236146,-0.019724,-0.013600
4.000000,51.509280,-0.161044,38.793293,1.242682,-0.007835,-0.058414
4.500000,51.509285,-0.161044,38.775897,1.251481,-0.002166,-0.029664
5.000000,51.509291,-0.161044,38.793266,1.237340,0.004198,-0.090395
5.500000,51.509297,-0.161044,38.819685,1.264183,-0.026377,-0.059365
6.000000,51.509302,-0.161044,38.820621,1.229279,0.036710,-0.060707
6.500000,51.509308,-0.161043,38.834143,1.236875,0.023161,-0.033310
7.000000,51.509313,-0.161043,38.847627,1.270611,-0.012482,-0.013310
7.500000,51.509319,-0.161043,38.882081,1.251526,0.014610,-0.042817
8.000000,51.509325,-0.161042,38.855927,1.235784,0.003331,-0.015126
8.500000,51.509330,-0.161042,38.863429,1.256548,-0.002456,-0.048079
9.000000,51.509336,-0.161042,38.846957,1.262133,0.017601,-0.041968
9.500000,51.509341,-0.161041,38.873796,1.266715,0.035063,-0.014280
10.000000,51.509347,-0.161041,38.841469,1.233639,0.038051,-0.001348
10.500000,51.509352,-0.161041,38.814464,1.246595,0.016132,0.012943
11.000000,51.509358,-0.161041,38.765372,1.273349,0.000347,-0.012384
11.500000,51.509363,-0.161041,38.753075,1.252378,0.034803,0.011234
12.000000,51.509369,-0.161041,38.721290,1.260536,-0.008995,0.001278
12.500000,51.509375,-0.161040,38.740040,1.238833,-0.017182,-0.007621
13.000000,51.509380,-0.161041,38.775527,1.239389,0.002422,-0.027618
13.500000,51.509385,-0.161041,38.779531,1.242770,0.011435,-0.020781
14.000000,51.509391,-0.161041,38.750969,1.269077,0.013464,-0.011051
14.500000,51.509396,-0.161041,38.765153,1.243088,-0.044371,0.005405
15.000000,51.509402,-0.161041,38.731605,1.253561,-0.032532,0.047464
15.500000,51.509407,-0.161040,38.688463,1.223929,-0.010483,-0.009090
16.000000,51.509412,-0.161041,38.605213,1.216367,-0.004242,0.011024
16.500000,51.509418,-0.161040,38.557674,1.239200,-0.011012,0.020428
17.000000,51.509423,-0.161040,38.567458,1.209402,-0.000029,0.022331
17.500000,51.509429,-0.161040,38.544757,1.235396,-0.002903,-0.054687
18.000000,51.509434,-0.161039,38.584584,1.249608,0.005866,-0.078388
18.500000,51.509440,-0.161038,38.594391,1.229764,-0.011081,0.001079
19.000000,51.509445,-0.161037,38.565271,1.243571,0.003310,-0.012569
19.500000,51.509451,-0.161037,38.532915,1.250999,0.014926,-0.051680
20.000000,51.509456,-0.161037,38.546128,1.257830,0.012039,-0.060725
20.500000,51.509461,-0.161036,38.552549,1.241682,0.008718,-0.029633
21.000000,51.509466,-0.161036,38.556056,1.226705,0.018785,-0.047755
21.500000,51.509472,-0.161035,38.560547,1.235396,0.008487,-0.054938
22.000000,51.509477,-0.161036,38.534974,1.259095,-0.027144,0.017156
22.500000,51.509483,-0.161037,38.452630,1.239930,-0.016406,0.018164
23.000000,51.509489,-0.161038,38.428782,1.256207,-0.021502,-0.024915
23.500000,51.509495,-0.161038,38.451552,1.205605,0.026469,-0.053933
24.000000,51.509500,-0.161037,38.494680,1.237826,0.008802,-0.019011
24.500000,51.509505,-0.161037,38.500247,1.232281,-0.008537,-0.045285
25.000000,51.509510,-0.161037,38.525681,1.250837,-0.007789,-0.051497
25.500000,51.509517,-0.161037,38.578706,1.254484,-0.042433,-0.037367
26.000000,51.509522,-0.161037,38.593216,1.271955,0.005461,-0.034257
26.500000,51.509527,-0.161037,38.527609,1.250823,-0.023872,0.000289
27.000000,51.509532,-0.161037,38.534357,1.209093,-0.008645,0.010323
27.500000,51.509538,-0.161037,38.480217,1.239316,-0.056686,0.011861
28.000000,51.509544,-0.161037,38.403480,1.252204,-0.030187,-0.028335
28.500000,51.509549,-0.161038,38.373785,1.240410,-0.036385,-0.014991
29.000000,51.509555,-0.161038,38.362588,1.247019,-0.045548,-0.031120
29.500000,51.509560,-0.161038,38.349513,1.241298,-0.026977,-0.037647
30.000000,51.509566,-0.161038,38.349681,1.251216,-0.005315,-0.064416
30.500000,51.509572,-0.161038,38.443938,1.251481,-0.015388,-0.058288
31.000000,51.509577,-0.161037,38.446218,1.256485,-0.013356,-0.040169
31.500000,51.509582,-0.161037,38.398970,1.232030,-0.000602,-0.009557
32.000000,51.509587,-0.161036,38.426707,1.234723,-0.019992,-0.020014
32.500000,51.509592,-0.161035,38.408425,0.992733,-0.019480,0.022227
33.000000,51.509596,-0.161037,38.429285,0.749224,-0.010562,0.040799
33.500000,51.509598,-0.161037,38.489091,0.508967,-0.024435,-0.014810
34.000000,51.509600,-0.161037,38.505579,0.234538,0.002153,-0.021347
34.500000,51.509601,-0.161036,38.535525,0.227220,0.068779,-0.007531
35.000000,51.509602,-0.161035,38.534121,0.253064,0.132399,-0.059310
35.500000,51.509603,-0.161034,38.540555,0.173062,0.177189,-0.007269
36.000000,51.509604,-0.161033,38.565604,0.104883,0.215220,-0.025135
36.500000,51.509604,-0.161030,38.611201,0.060435,0.227141,-0.013915
37.000000,51.509604,-0.161028,38.567817,0.012533,0.226107,-0.033612
37.500000,51.509603,-0.161027,38.667761,-0.055381,0.242728,0.009149
38.000000,51.509604,-0.161025,38.686789,-0.132576,0.232660,0.019848
38.500000,51.509603,-0.161024,38.705038,-0.156063,0.166725,0.043399
39.000000,51.509602,-0.161023,38.637705,-0.232036,0.129976,0.043069
39.500000,51.509601,-0.161022,38.640277,-0.218502,0.071902,0.026042
40.000000,51.509599,-0.161022,38.672027,-0.257259,0.003673,0.013472
40.500000,51.509597,-0.161022,38.687949,-0.523390,0.036604,0.029006
41.000000,51.509594,-0.161021,38.622480,-0.760264,-0.022421,-0.026109
41.500000,51.509590,-0.161020,38.637956,-1.023816,0.019905,-0.010822
42.000000,51.509585,-0.161020,38.633906,-1.253030,-0.002384,-0.017260
42.500000,51.509579,-0.161020,38.603575,-1.248883,0.016205,0.010000
43.000000,51.509574,-0.161020,38.601260,-1.261430,0.020949,-0.074207
43.500000,51.509568,-0.161020,38.604617,-1.220709,-0.003484,-0.019362
44.000000,51.509562,-0.161019,38.594961,-1.240127,-0.025105,-0.006706
44.500000,51.509557,-0.161018,38.585303,-1.235263,0.003494,-0.025734
45.000000,51.509551,-0.161017,38.531495,-1.260596,0.026685,0.022968
45.500000,51.509546,-0.161016,38.492132,-1.256388,-0.022175,0.021914
46.000000,51.509540,-0.161017,38.462052,-1.262463,0.008516,0.024422
46.500000,51.509535,-0.161017,38.458510,-1.209193,-0.043167,0.027081
47.000000,51.509529,-0.161018,38.403872,-1.268842,-0.028691,0.030351
47.500000,51.509524,-0.161018,38.416626,-1.237504,-0.030970,-0.061869
48.000000,51.509518,-0.161019,38.380160,-1.252131,-0.028917,-0.020355
48.500000,51.509512,-0.161018,38.345629,-1.273135,0.004688,-0.019202
49.000000,51.509506,-0.161019,38.305012,-1.236269,-0.030947,-0.022768
49.500000,51.509502,-0.161019,38.215048,-1.264190,0.040784,-0.073614
50.000000,51.509496,-0.161019,38.202604,-1.275743,-0.002315,-0.023078
50.500000,51.509491,-0.161020,38.255838,-1.245267,0.016290,-0.038239
51.000000,51.509485,-0.161021,38.270501,-1.284994,0.003271,-0.051955
51.500000,51.509479,-0.161020,38.306237,-1.250022,0.009198,-0.016132
52.000000,51.509474,-0.161019,38.317588,-1.238602,0.019710,-0.031892
52.500000,51.509469,-0.161018,38.278988,-1.240649,0.006420,-0.028940
53.000000,51.509463,-0.161018,38.291516,-1.237327,-0.011145,-0.055286
53.500000,51.509457,-0.161019,38.198600,-1.271436,0.008371,0.041232
54.000000,51.509451,-0.161019,38.131510,-1.260507,-0.009225,0.033592
54.500000,51.509445,-0.161018,38.111642,-1.262412,-0.008117,0.050013
55.000000,51.509439,-0.161018,38.044201,-1.274075,0.001816,0.023998
55.500000,51.509434,-0.161018,38.067727,-1.239959,0.027793,0.024036
56.000000,51.509428,-0.161018,38.131311,-1.266902,-0.010645,0.034856
56.500000,51.509423,-0.161018,38.076802,-1.240820,0.018182,0.045944
57.000000,51.509418,-0.161018,38.022104,-1.243260,0.005006,0.028242
57.500000,51.509412,-0.161018,37.958054,-1.253636,0.036915,0.022280
58.000000,51.509407,-0.161017,37.902626,-1.264993,0.069883,-0.015018
58.500000,51.509401,-0.161018,37.945506,-1.258700,0.025907,0.046002
59.000000,51.509395,-0.161018,37.877468,-1.275899,0.010161,0.032811
59.500000,51.509390,-0.161017,37.924502,-1.252889,0.020058,0.047082
60.000000,51.509383,-0.161017,37.937068,-1.265566,0.019853,0.012786
60.500000,51.509378,-0.161016,37.978773,-1.254634,-0.008838,-0.003865
61.000000,51.509372,-0.161017,38.016143,-1.238725,-0.030117,0.011482
61.500000,51.509367,-0.161018,37.989103,-1.238230,-0.037302,0.026905
62.000000,51.509361,-0.161019,37.873389,-1.258030,-0.025335,-0.017632
62.500000,51.509355,-0.161019,37.861090,-1.263358,-0.004978,-0.002057
63.000000,51.509350,-0.161019,37.787962,-1.246810,-0.037784,0.005709
63.500000,51.509344,-0.161020,37.835996,-1.282828,-0.001685,-0.025230
64.000000,51.509338,-0.161020,37.788893,-1.244042,-0.039811,-0.032394
64.500000,51.509332,-0.161021,37.814094,-1.236848,-0.016898,-0.033334
65.000000,51.509326,-0.161021,37.847196,-1.269581,0.004076,-0.026587
65.500000,51.509321,-0.161022,37.869603,-1.239336,0.047102,0.003593
66.000000,51.509315,-0.161022,37.878708,-1.262440,0.052186,-0.029079
66.500000,51.509309,-0.161021,37.822675,-1.273726,0.012021,-0.033802
67.000000,51.509304,-0.161020,37.836653,-1.222585,0.002760,-0.033512
67.500000,51.509299,-0.161020,37.822630,-1.232471,-0.002139,0.025302
68.000000,51.509292,-0.161020,37.831311,-1.223787,0.005032,-0.016183
68.500000,51.509286,-0.161020,37.914653,-1.229310,-0.001699,-0.023466
69.000000,51.509282,-0.161021,37.910311,-1.255703,-0.005130,0.017651
69.500000,51.509277,-0.161020,37.947156,-1.252624,0.000201,-0.015185
70.000000,51.509271,-0.161020,37.922272,-1.263760,0.008932,0.020506
70.500000,51.509266,-0.161020,37.875507,-1.254450,0.005998,0.037694
71.000000,51.509260,-0.161019,37.817666,-1.260157,0.008448,0.002901
71.500000,51.509255,-0.161019,37.885470,-0.978522,-0.021088,-0.013147
72.000000,51.509251,-0.161019,37.926001,-0.752738,0.014944,-0.050048
72.500000,51.509249,-0.161018,38.016896,-0.493729,0.010283,-0.031803
73.000000,51.509247,-0.161018,37.996681,-0.263259,0.008095,0.039767
73.500000,51.509246,-0.161017,38.002223,-0.212252,0.082734,-0.035731
74.000000,51.509244,-0.161016,38.045234,-0.217847,0.118295,-0.014972
74.500000,51.509243,-0.161015,38.201749,-0.156909,0.155168,-0.047157
75.000000,51.509243,-0.161013,38.142056,-0.141450,0.253221,-0.029573
75.500000,51.509242,-0.161010,38.094459,-0.043637,0.242202,0.023590
76.000000,51.509243,-0.161009,38.050659,0.018217,0.262342,0.030906
76.500000,51.509243,-0.161008,38.048449,0.064151,0.232339,0.022902
77.000000,51.509243,-0.161007,37.974385,0.131746,0.231572,0.036873
77.500000,51.509244,-0.161006,37.947488,0.161403,0.183661,0.005939
78.000000,51.509244,-0.161004,37.946767,0.214174,0.155586,-0.014352
78.500000,51.509246,-0.161002,37.906942,0.219707,0.065715,0.006749
79.000000,51.509247,-0.161002,37.857890,0.229729,-0.001269,-0.003228
79.500000,51.509249,-0.161000,37.780911,0.497372,-0.000075,-0.036314
80.000000,51.509250,-0.161001,37.783902,0.747615,-0.011027,-0.008565
80.500000,51.509254,-0.161002,37.839716,1.005935,0.005119,-0.034122
81.000000,51.509259,-0.161003,37.823980,1.243824,-0.041856,-0.002981
81.500000,51.509266,-0.161004,37.780762,1.242977,-0.025272,-0.023869
82.000000,51.509272,-0.161005,37.686364,1.259950,-0.020588,0.045679
82.500000,51.509276,-0.161005,37.687121,1.269797,-0.021209,0.006670
83.000000,51.509282,-0.161004,37.682809,1.255013,-0.000930,0.010819
83.500000,51.509288,-0.161004,37.651935,1.236224,0.005462,0.031002
84.000000,51.509293,-0.161005,37.610781,1.271165,-0.047496,0.016841
84.500000,51.509299,-0.161005,37.677425,1.258460,-0.029200,0.035582
85.000000,51.509305,-0.161006,37.719298,1.261993,0.003734,-0.053760
85.500000,51.509311,-0.161006,37.720086,1.243939,0.023385,-0.058750
86.000000,51.509316,-0.161006,37.737276,1.251368,0.028755,-0.032298
86.500000,51.509322,-0.161005,37.737162,1.235141,0.015359,-0.078437
87.000000,51.509327,-0.161005,37.759811,1.220668,-0.007792,-0.055960
87.500000,51.509333,-0.161005,37.821607,1.248640,-0.061066,-0.029717
88.000000,51.509339,-0.161006,37.945138,1.267347,-0.038038,-0.006090
88.500000,51.509344,-0.161007,37.976590,1.246648,-0.035880,-0.001759
89.000000,51.509350,-0.161007,37.944038,1.266666,-0.008049,0.076206
89.500000,51.509356,-0.161006,37.924790,1.255833,-0.025843,0.093231
90.000000,51.509362,-0.161006,37.860332,1.240390,0.026526,0.055308
90.500000,51.509367,-0.161005,37.773151,1.239239,-0.017110,0.056029
91.000000,51.509372,-0.161006,37.759715,1.263701,0.002846,0.005067
91.500000,51.509378,-0.161005,37.727013,1.233733,-0.034209,0.046118
92.000000,51.509385,-0.161005,37.767162,1.243020,0.000969,0.009987
92.500000,51.509390,-0.161006,37.711771,1.241781,-0.034709,-0.000374
93.000000,51.509397,-0.161006,37.685528,1.245882,-0.013439,-0.029871
93.500000,51.509402,-0.161006,37.638511,1.243259,0.004475,-0.033875
94.000000,51.509407,-0.161005,37.673908,1.275808,0.023558,-0.011493
94.500000,51.509413,-0.161005,37.654706,1.242741,0.008579,0.010710
95.000000,51.509419,-0.161004,37.676519,1.248036,0.051277,0.009986
95.500000,51.509424,-0.161004,37.662409,1.263000,-0.014581,0.006710
96.000000,51.509430,-0.161004,37.670533,1.228771,-0.011815,-0.017233
96.500000,51.509436,-0.161003,37.685203,1.245137,0.022045,0.009101
97.000000,51.509442,-0.161002,37.662261,1.237200,0.028035,0.025935
97.500000,51.509446,-0.161002,37.652436,1.293241,0.007584,0.010292
98.000000,51.509452,-0.161003,37.582389,1.257066,0.023327,-0.017560
98.500000,51.509458,-0.161003,37.583511,1.228501,0.025256,0.008542
99.000000,51.509463,-0.161003,37.596089,1.232606,0.052253,-0.043574
99.500000,51.509468,-0.161003,37.595543,1.235221,0.054784,-0.021663
100.000000,51.509474,-0.161004,37.644051,1.258460,-0.016459,-0.036123
100.500000,51.509479,-0.161004,37.631187,1.241505,0.021830,-0.007662
101.000000,51.509484,-0.161004,37.584584,1.247232,-0.028989,0.029080
101.500000,51.509490,-0.161005,37.555700,1.222622,0.010625,0.011842
102.000000,51.509496,-0.161006,37.596465,1.244842,0.008629,-0.018247
102.500000,51.509501,-0.161007,37.682200,1.270598,-0.016628,0.006884
103.000000,51.509506,-0.161007,37.720127,1.239427,0.048132,-0.074956
103.500000,51.509512,-0.161008,37.683917,1.274627,-0.025542,-0.003293
104.000000,51.509517,-0.161007,37.651054,1.266873,-0.031886,-0.003121
104.500000,51.509523,-0.161007,37.702478,1.221247,-0.029483,0.030299
105.000000,51.509527,-0.161006,37.652806,1.256594,-0.030018,-0.006180
105.500000,51.509533,-0.161007,37.638986,1.272022,-0.032276,0.001054
106.000000,51.509539,-0.161006,37.571801,1.263654,-0.003243,-0.038360
106.500000,51.509545,-0.161005,37.718586,1.240669,-0.005644,0.020368
107.000000,51.509551,-0.161004,37.739997,1.236056,0.001480,-0.009699
107.500000,51.509556,-0.161004,37.812338,1.266201,0.011097,-0.035429
108.000000,51.509562,-0.161004,37.800637,1.267322,0.004388,-0.014405
108.500000,51.509568,-0.161004,37.836295,1.281467,-0.014490,0.014457
109.000000,51.509574,-0.161005,37.837616,1.269273,-0.015144,-0.029711
109.500000,51.509579,-0.161005,37.834551,1.256473,-0.006422,-0.050479
110.000000,51.509585,-0.161005,37.846476,1.279106,-0.044376,-0.012612
110.500000,51.509590,-0.161005,37.813858,1.025524,-0.021328,-0.028199
111.000000,51.509594,-0.161006,37.912717,0.767371,-0.012302,0.000921
111.500000,51.509596,-0.161007,37.977297,0.499056,0.000071,-0.019470
112.000000,51.509598,-0.161007,38.018693,0.245446,-0.012074,0.022902
112.500000,51.509600,-0.161007,38.002953,0.215249,0.064372,0.017547
113.000000,51.509601,-0.161007,37.985596,0.219823,0.152866,-0.010646
113.500000,51.509601,-0.161004,37.897980,0.124599,0.207160,-0.060464
114.000000,51.509602,-0.161002,37.932939,0.131125,0.187479,0.026217
114.500000,51.509603,-0.161001,37.942949,0.050852,0.254347,-0.081522
115.000000,51.509602,-0.161000,38.002384,-0.017457,0.259031,-0.041550
115.500000,51.509602,-0.160999,38.004007,-0.063266,0.222579,-0.020708
116.000000,51.509602,-0.160997,37.961388,-0.122280,0.208122,-0.011686
116.500000,51.509601,-0.160995,37.978189,-0.166441,0.196371,-0.018150
117.000000,51.509600,-0.160994,37.941380,-0.210679,0.122311,-0.008876
117.500000,51.509600,-0.160994,37.881279,-0.256799,0.065898,0.009843
118.000000,51.509599,-0.160994,37.949526,-0.243286,0.015397,-0.020846
118.500000,51.509597,-0.160995,37.935306,-0.498660,0.011119,-0.012978
119.000000,51.509593,-0.160995,38.046999,-0.771680,0.021339,-0.026128
119.500000,51.509590,-0.160995,38.028810,-1.004315,0.053779,-0.014034
120.000000,51.509585,-0.160995,37.935178,-1.225119,0.017418,0.007367
120.500000,51.509579,-0.160995,37.938592,-1.253559,0.003187,-0.044345
121.000000,51.509573,-0.160995,37.868173,-1.259434,-0.013524,-0.003706
121.500000,51.509568,-0.160994,37.825616,-1.263726,0.039471,0.007587
122.000000,51.509562,-0.160995,37.789177,-1.234863,0.013843,-0.018564
122.500000,51.509557,-0.160994,37.864573,-1.253010,0.011496,0.051063
123.000000,51.509551,-0.160994,37.858262,-1.252408,-0.037460,0.019436
123.500000,51.509546,-0.160994,37.899871,-1.238091,-0.015087,-0.038955
124.000000,51.509540,-0.160995,37.943250,-1.261929,-0.019666,-0.047003
124.500000,51.509535,-0.160996,37.943539,-1.254592,-0.034249,-0.006418
125.000000,51.509529,-0.160995,37.946477,-1.245299,-0.053166,0.006551
125.500000,51.509524,-0.160995,37.980028,-1.253760,-0.012175,-0.008733
126.000000,51.509518,-0.160994,37.969584,-1.251348,0.005594,-0.015546
126.500000,51.509512,-0.160995,37.975826,-1.270737,0.034703,-0.031983
127.000000,51.509506,-0.160994,37.919331,-1.226770,0.000127,0.011687
127.500000,51.509500,-0.160995,37.899718,-1.214191,0.019869,0.004654
128.000000,51.509495,-0.160995,37.922969,-1.232999,-0.009016,0.019982
128.500000,51.509490,-0.160994,37.912504,-1.242364,0.035272,0.005666
129.000000,51.509484,-0.160994,37.844977,-1.256243,0.006434,-0.007291
129.500000,51.509478,-0.160994,37.836101,-1.225465,-0.018187,-0.028727
130.000000,51.509473,-0.160993,37.867969,-1.267967,-0.014724,-0.035101
130.500000,51.509468,-0.160992,37.834670,-1.272767,-0.009638,0.003631
131.000000,51.509462,-0.160992,37.860705,-1.258967,-0.017968,0.019672
131.500000,51.509457,-0.160993,37.855617,-1.243236,-0.019226,0.032825
132.000000,51.509451,-0.160993,37.893725,-1.267110,-0.005314,-0.022849
132.500000,51.509445,-0.160993,37.965378,-1.242657,0.024936,0.032857
133.000000,51.509439,-0.160991,37.912214,-1.256016,0.032412,0.029981
133.500000,51.509433,-0.160991,37.852742,-1.247647,0.052694,-0.039662
134.000000,51.509427,-0.160991,37.830984,-1.268528,0.054338,-0.016218
134.500000,51.509421,-0.160992,37.865010,-1.229919,0.041839,-0.032810
135.000000,51.509416,-0.160991,37.967863,-1.217776,0.024194,-0.015123
135.500000,51.509410,-0.160991,37.985661,-1.239291,-0.009489,-0.014039
136.000000,51.509405,-0.160992,37.932184,-1.255924,-0.003139,0.031118
136.500000,51.509400,-0.160992,37.897308,-1.261957,0.018656,0.001920
137.000000,51.509395,-0.160991,37.884164,-1.253856,0.023446,-0.001086
137.500000,51.509389,-0.160991,37.904526,-1.244496,0.022596,0.048605
138.000000,51.509385,-0.160990,37.868667,-1.228657,0.007556,0.047788
138.500000,51.509379,-0.160990,37.939829,-1.252411,0.029930,-0.026667
139.000000,51.509374,-0.160990,38.008976,-1.240146,0.030380,-0.030363
139.500000,51.509368,-0.160990,38.048916,-1.239205,0.025306,0.000746
140.000000,51.509363,-0.160990,38.063178,-1.272445,0.029343,0.003872
140.500000,51.509357,-0.160990,38.054022,-1.274764,0.025775,-0.027493
141.000000,51.509351,-0.160990,38.071906,-1.237677,0.031820,-0.017129
141.500000,51.509346,-0.160990,38.033838,-1.235434,-0.021632,0.022165
142.000000,51.509340,-0.160990,38.019483,-1.267286,-0.006451,0.030263
142.500000,51.509334,-0.160989,37.990764,-1.262219,0.021844,0.015576
143.000000,51.509328,-0.160990,37.963089,-1.259450,-0.011519,0.098217
143.500000,51.509323,-0.160991,37.885519,-1.249828,-0.014993,0.034437
144.000000,51.509317,-0.160992,37.972690,-1.223968,-0.001873,0.010071
144.500000,51.509311,-0.160992,38.034161,-1.264293,0.011219,-0.012105
145.000000,51.509305,-0.160991,38.019548,-1.245166,0.028453,-0.048033
145.500000,51.509300,-0.160990,38.053785,-1.250929,-0.002074,-0.015012
146.000000,51.509294,-0.160991,38.054702,-1.270665,0.035935,-0.013145
146.500000,51.509289,-0.160991,38.139267,-1.249773,-0.015785,-0.020707
147.000000,51.509283,-0.160990,38.158455,-1.226067,0.021363,-0.031036
147.500000,51.509277,-0.160990,38.141665,-1.281337,0.015852,0.001775
148.000000,51.509271,-0.160989,38.183813,-1.258053,0.036783,-0.037933
148.500000,51.509265,-0.160990,38.205081,-1.275836,0.010752,-0.031437
149.000000,51.509259,-0.160991,38.203876,-1.269642,0.019991,0.003560
149.500000,51.509254,-0.160990,38.225358,-1.021094,0.010560,0.035636
150.000000,51.509251,-0.160989,38.172115,-0.760864,0.011368,-0.014063
150.500000,51.509248,-0.160988,38.192781,-0.496476,-0.022296,0.024312
151.000000,51.509246,-0.160989,38.148801,-0.252656,-0.040726,0.020592
151.500000,51.509244,-0.160989,38.106574,-0.230877,0.042076,0.014185
152.000000,51.509243,-0.160988,38.063607,-0.206238,0.147989,-0.027978
152.500000,51.509242,-0.160988,38.094855,-0.167785,0.153304,-0.038992
153.000000,51.509242,-0.160986,38.077593,-0.127772,0.216468,-0.009251
153.500000,51.509241,-0.160984,38.010206,-0.066301,0.233623,-0.002467
154.000000,51.509241,-0.160983,38.072628,-0.008398,0.227419,0.012121
154.500000,51.509242,-0.160981,38.089793,0.049288,0.252952,-0.007813
155.000000,51.509243,-0.160979,38.135839,0.122552,0.216636,-0.024620
155.500000,51.509243,-0.160978,38.189641,0.163964,0.174265,0.013413
156.000000,51.509244,-0.160976,38.188013,0.219785,0.124811,-0.009382
156.500000,51.509245,-0.160975,38.124453,0.212679,0.064465,-0.004597
157.000000,51.509246,-0.160974,38.155077,0.251398,0.005807,-0.000577
157.500000,51.509248,-0.160974,38.130285,0.502794,-0.017993,-0.064789
158.000000,51.509250,-0.160973,38.153733,0.747455,-0.029407,0.016352
158.500000,51.509254,-0.160975,38.203756,1.019540,-0.026313,-0.000643
159.000000,51.509259,-0.160975,38.222965,1.246331,-0.013990,0.002785
159.500000,51.509264,-0.160974,38.141257,1.240742,0.000157,0.004113
160.000000,51.509270,-0.160974,38.093492,1.257738,-0.024525,-0.016732
160.500000,51.509275,-0.160974,38.112663,1.256097,0.003409,-0.057641
161.000000,51.509281,-0.160975,38.161671,1.259842,0.015356,-0.066542
161.500000,51.509287,-0.160975,38.233093,1.240492,0.018214,-0.003676
162.000000,51.509292,-0.160974,38.283416,1.232299,0.018172,-0.013706
162.500000,51.509298,-0.160974,38.255060,1.256786,0.012072,-0.010015
163.000000,51.509304,-0.160974,38.248598,1.259517,-0.016864,0.002796
163.500000,51.509308,-0.160975,38.199527,1.238478,0.019465,0.039835
164.000000,51.509314,-0.160975,38.172972,1.271393,-0.015905,0.029786
164.500000,51.509320,-0.160975,38.141822,1.258576,-0.002349,0.025670
165.000000,51.509326,-0.160975,38.095688,1.256285,-0.003616,0.025233
165.500000,51.509332,-0.160976,38.080263,1.258170,0.007341,0.028655
166.000000,51.509338,-0.160975,38.022996,1.269028,0.022134,-0.057346
166.500000,51.509343,-0.160975,37.980353,1.262915,0.000784,-0.062054
167.000000,51.509348,-0.160976,37.987439,1.241881,0.026963,-0.022276
167.500000,51.509354,-0.160976,37.985651,1.232597,0.001917,-0.029278
168.000000,51.509359,-0.160975,37.960987,1.261678,0.013005,-0.047161
168.500000,51.509365,-0.160976,37.970689,1.249981,-0.011662,-0.003052
169.000000,51.509371,-0.160976,37.901953,1.263553,-0.028766,-0.014904
169.500000,51.509376,-0.160976,37.943773,1.242571,-0.008683,-0.054557
170.000000,51.509382,-0.160976,37.932040,1.232919,-0.005680,-0.026268
170.500000,51.509388,-0.160976,38.034960,1.251194,-0.012322,-0.057124
171.000000,51.509394,-0.160975,38.029884,1.223916,-0.000743,0.031115
171.500000,51.509400,-0.160976,38.071903,1.220178,-0.013143,0.013886
172.000000,51.509405,-0.160976,38.053236,1.240005,-0.006455,-0.009606
172.500000,51.509411,-0.160977,38.044328,1.235042,0.000420,0.028968
173.000000,51.509416,-0.160977,38.002515,1.229253,0.034187,-0.026575
173.500000,51.509423,-0.160975,37.987999,1.244484,0.000952,-0.008666
174.000000,51.509427,-0.160975,38.000241,1.256652,0.017465,0.004745
174.500000,51.509433,-0.160975,38.048132,1.260401,0.019103,-0.010643
175.000000,51.509439,-0.160975,38.060809,1.227571,-0.013521,0.026535
175.500000,51.509445,-0.160975,38.061201,1.265464,-0.008506,0.021985
176.000000,51.509451,-0.160975,38.089234,1.258333,0.037762,-0.052811
176.500000,51.509456,-0.160974,38.058405,1.265968,-0.011175,0.000466
177.000000,51.509462,-0.160975,38.045318,1.233691,0.012427,0.006271
177.500000,51.509467,-0.160974,38.156617,1.236731,0.039237,-0.031962
178.000000,51.509473,-0.160975,38.171511,1.259654,0.026954,-0.057040
178.500000,51.509478,-0.160974,38.125283,1.254959,0.021796,-0.004929
179.000000,51.509483,-0.160975,38.167747,1.228489,0.038428,-0.055835
179.500000,51.509489,-0.160976,38.158259,1.227385,0.023175,-0.010828
180.000000,51.509495,-0.160976,38.220295,1.240861,-0.005033,-0.047616
180.500000,51.509501,-0.160975,38.297799,1.238250,0.012970,-0.018815
181.000000,51.509506,-0.160975,38.348337,1.225771,0.003867,0.018019
181.500000,51.509511,-0.160975,38.273898,1.238718,-0.014485,0.018595
182.000000,51.509516,-0.160974,38.287877,1.254361,-0.005038,0.020225
182.500000,51.509522,-0.160975,38.242095,1.244904,-0.009467,0.052244
183.000000,51.509528,-0.160974,38.281598,1.247066,0.021549,-0.002377
183.500000,51.509534,-0.160974,38.178683,1.256251,0.002759,-0.029660
184.000000,51.509539,-0.160975,38.222632,1.230015,-0.005164,0.068418
184.500000,51.509545,-0.160974,38.152893,1.223375,0.008334,0.043937
185.000000,51.509551,-0.160975,38.198984,1.265450,-0.025645,-0.009514
185.500000,51.509556,-0.160973,38.114495,1.255049,-0.047782,0.059996
186.000000,51.509562,-0.160973,38.105164,1.251924,-0.012744,0.015626
186.500000,51.509569,-0.160973,37.949833,1.244877,-0.001030,0.006408
187.000000,51.509574,-0.160973,37.968913,1.219803,-0.011947,0.009265
187.500000,51.509580,-0.160973,37.940869,1.275518,-0.008427,-0.005569
188.000000,51.509585,-0.160974,37.862754,1.267269,0.002719,0.018686
188.500000,51.509590,-0.160974,37.951119,1.006259,-0.003188,0.069252
189.000000,51.509595,-0.160975,37.904230,0.758490,0.006893,0.015693
189.500000,51.509598,-0.160975,37.925051,0.489457,-0.012849,-0.032417
190.000000,51.509600,-0.160975,38.011174,0.236739,-0.027001,0.018253
190.500000,51.509600,-0.160973,37.940042,0.262820,0.057709,0.043888
191.000000,51.509601,-0.160972,37.930681,0.215969,0.133745,-0.005953
191.500000,51.509602,-0.160970,37.942080,0.166901,0.180280,-0.014139
192.000000,51.509602,-0.160969,37.997583,0.132452,0.231799,0.006240
192.500000,51.509603,-0.160967,38.068903,0.088796,0.239455,-0.048783
193.000000,51.509603,-0.160965,38.082303,0.021476,0.231506,0.004230
193.500000,51.509603,-0.160962,38.136610,-0.067167,0.234657,0.012282
194.000000,51.509603,-0.160961,38.190340,-0.139243,0.220415,-0.017779
194.500000,51.509602,-0.160960,38.172250,-0.180246,0.183510,-0.022822
195.000000,51.509602,-0.160959,38.155232,-0.198594,0.120949,-0.016215
195.500000,51.509600,-0.160958,38.277382,-0.256776,0.100286,-0.019955
196.000000,51.509599,-0.160957,38.319719,-0.246737,0.000143,-0.003375
196.500000,51.509597,-0.160957,38.285533,-0.508628,0.009619,0.038414
197.000000,51.509594,-0.160958,38.215549,-0.753864,0.016505,-0.042771
197.500000,51.509591,-0.160958,38.227992,-1.009520,0.002958,0.013777
198.000000,51.509585,-0.160959,38.245878,-1.275647,0.007653,0.005587
198.500000,51.509580,-0.160960,38.226653,-1.269301,0.024041,0.048857
199.000000,51.509574,-0.160958,38.183320,-1.235311,-0.024751,-0.010082
199.500000,51.509568,-0.160959,38.180847,-1.249553,-0.018968,0.003421
200.000000,51.509562,-0.160959,38.154846,-1.239853,0.010533,0.024871
200.500000,51.509557,-0.160959,38.066359,-1.269926,-0.002829,0.009338
201.000000,51.509551,-0.160960,38.068655,-1.275013,0.021533,-0.001907
201.500000,51.509545,-0.160960,37.991255,-1.256828,0.027331,0.014167
202.000000,51.509539,-0.160960,37.988644,-1.253469,0.021944,-0.004036
202.500000,51.509534,-0.160959,37.981188,-1.264327,0.028540,-0.005365
203.000000,51.509529,-0.160959,37.966493,-1.261884,0.002039,-0.001947
203.500000,51.509523,-0.160958,38.007905,-1.263344,0.010807,-0.048449
204.000000,51.509518,-0.160958,38.070879,-1.252655,0.025990,-0.007050
204.500000,51.509512,-0.160958,38.066916,-1.243185,0.033476,-0.040080
205.000000,51.509507,-0.160957,38.039732,-1.238713,0.017882,-0.095033
205.500000,51.509501,-0.160957,38.139040,-1.254078,0.007377,0.001820
206.000000,51.509495,-0.160957,38.122643,-1.269438,-0.009328,-0.015156
206.500000,51.509489,-0.160956,38.185436,-1.227546,-0.017042,-0.020529
207.000000,51.509484,-0.160957,38.180394,-1.236103,-0.022340,-0.019552
207.500000,51.509479,-0.160958,38.202856,-1.238245,-0.022174,-0.035849
208.000000,51.509473,-0.160958,38.216974,-1.244887,-0.006773,-0.028019
208.500000,51.509467,-0.160959,38.231404,-1.237820,-0.039637,-0.032289
209.000000,51.509461,-0.160958,38.323449,-1.250958,0.003444,0.017783
209.500000,51.509455,-0.160958,38.320774,-1.264193,-0.005946,-0.011151
210.000000,51.509449,-0.160958,38.319237,-1.264669,0.026348,0.008861
210.500000,51.509444,-0.160958,38.370159,-1.251433,0.040424,-0.019723
211.000000,51.509438,-0.160958,38.385057,-1.253512,-0.005075,-0.027956
211.500000,51.509432,-0.160957,38.339747,-1.264367,0.040014,0.017406
212.000000,51.509426,-0.160957,38.319732,-1.252096,-0.007784,0.006811
212.500000,51.509420,-0.160958,38.292837,-1.251665,0.001174,-0.059130
213.000000,51.509415,-0.160959,38.257711,-1.244570,-0.052222,0.037318
213.500000,51.509410,-0.160961,38.201341,-1.234863,-0.003605,0.014296
214.000000,51.509404,-0.160960,38.210541,-1.264361,0.003853,0.049230
214.500000,51.509399,-0.160961,38.214933,-1.244328,0.012543,0.065550
215.000000,51.509394,-0.160959,38.099915,-1.224337,0.004810,0.013229
215.500000,51.509388,-0.160959,38.090923,-1.240022,-0.010039,0.034070
216.000000,51.509383,-0.160957,38.037491,-1.244271,-0.019810,0.012090
216.500000,51.509378,-0.160957,37.955258,-1.265550,-0.010384,0.018676
217.000000,51.509372,-0.160957,37.926795,-1.237064,-0.026540,-0.010638
217.500000,51.509367,-0.160957,37.896830,-1.256172,-0.005262,0.009346
218.000000,51.509361,-0.160957,37.917309,-1.241604,0.015112,-0.034355
218.500000,51.509355,-0.160957,38.004483,-1.241453,-0.022627,-0.050268
219.000000,51.509349,-0.160957,38.044804,-1.266036,0.018601,0.008215
219.500000,51.509343,-0.160957,38.068669,-1.265165,0.008483,0.019018
220.000000,51.509338,-0.160957,38.022249,-1.232954,-0.017466,-0.041293
220.500000,51.509333,-0.160956,37.981062,-1.274286,0.016004,0.009814
221.000000,51.509327,-0.160957,37.967212,-1.231588,-0.011632,-0.032216
221.500000,51.509321,-0.160958,37.911108,-1.237909,-0.009202,-0.006217
222.000000,51.509315,-0.160958,37.875262,-1.253654,0.023584,-0.014469
222.500000,51.509310,-0.160957,37.924244,-1.247400,-0.004924,0.018298
223.000000,51.509305,-0.160958,37.912375,-1.242118,-0.012026,0.044533
223.500000,51.509299,-0.160958,37.840046,-1.240505,-0.017772,0.020955
224.000000,51.509294,-0.160959,37.808796,-1.262177,-0.012971,-0.016516
224.500000,51.509289,-0.160959,37.807616,-1.248096,-0.004589,0.032454
225.000000,51.509283,-0.160959,37.905949,-1.260969,0.005729,-0.008294
225.500000,51.509278,-0.160960,37.994961,-1.242312,-0.002387,0.010934
226.000000,51.509272,-0.160961,37.971568,-1.264841,-0.005751,0.032533
226.500000,51.509266,-0.160960,37.936672,-1.249759,-0.003287,0.015718
227.000000,51.509261,-0.160960,37.864052,-1.260436,-0.009055,0.015211
227.500000,51.509255,-0.160960,37.830544,-1.002042,0.020821,-0.003959
228.000000,51.509251,-0.160960,37.789352,-0.761648,0.005835,0.045985
228.500000,51.509248,-0.160961,37.793880,-0.513886,0.001266,-0.021818
229.000000,51.509246,-0.160961,37.837543,-0.255563,-0.019865,0.028414
229.500000,51.509245,-0.160961,37.838842,-0.226042,0.091267,0.022892
230.000000,51.509244,-0.160960,37.905173,-0.228108,0.136757,0.032618
230.500000,51.509242,-0.160959,37.890660,-0.205195,0.179067,0.007367
231.000000,51.509242,-0.160957,37.953962,-0.105166,0.230877,-0.004613
231.500000,51.509242,-0.160955,37.941405,-0.067890,0.243082,-0.031996
232.000000,51.509243,-0.160953,37.918325,0.001102,0.251225,-0.049825
232.500000,51.509242,-0.160951,37.872749,0.058439,0.264774,-0.065436
233.000000,51.509243,-0.160948,37.940317,0.129064,0.213799,-0.010473
233.500000,51.509244,-0.160947,37.920210,0.162957,0.184446,-0.012642
234.000000,51.509246,-0.160946,37.966069,0.213989,0.123330,0.012811
234.500000,51.509247,-0.160946,37.880464,0.228485,0.069173,-0.029847
235.000000,51.509248,-0.160945,37.861653,0.232590,-0.022348,0.069316
235.500000,51.509249,-0.160945,37.776049,0.501575,-0.009620,-0.020810
236.000000,51.509252,-0.160946,37.825271,0.769625,0.003575,-0.014550
236.500000,51.509255,-0.160947,37.799637,1.016697,-0.014008,0.003874
237.000000,51.509260,-0.160946,37.736022,1.260091,0.014314,-0.010351
237.500000,51.509267,-0.160947,37.742796,1.245621,0.009730,-0.044279
238.000000,51.509272,-0.160947,37.712129,1.241589,0.027358,-0.038221
238.500000,51.509278,-0.160947,37.713626,1.244797,0.011497,-0.007516
239.000000,51.509283,-0.160947,37.772077,1.235453,-0.043241,0.004152
239.500000,51.509289,-0.160947,37.746424,1.244441,-0.022953,0.025973
240.000000,51.509294,-0.160947,37.787151,1.242882,-0.024162,0.033650
240.500000,51.509299,-0.160945,37.746931,1.248990,-0.004563,0.052354
241.000000,51.509304,-0.160945,37.574834,1.237046,0.000935,0.026162
241.500000,51.509310,-0.160944,37.518034,1.257067,0.000149,0.036496
242.000000,51.509316,-0.160944,37.572950,1.221806,0.001862,0.052296
242.500000,51.509322,-0.160944,37.564283,1.246614,0.035530,0.013376
243.000000,51.509328,-0.160944,37.537360,1.254856,0.011092,-0.011683
243.500000,51.509333,-0.160945,37.590799,1.257057,-0.028447,0.006442
244.000000,51.509339,-0.160946,37.606574,1.244841,0.008617,0.002917
244.500000,51.509344,-0.160946,37.654115,1.234436,0.003444,0.035829
245.000000,51.509350,-0.160947,37.681355,1.250304,-0.008157,0.049752
245.500000,51.509356,-0.160946,37.646935,1.254861,-0.035474,0.004523
246.000000,51.509361,-0.160945,37.650246,1.214600,0.023909,-0.011966
246.500000,51.509367,-0.160946,37.650242,1.233792,-0.006260,0.025279
247.000000,51.509372,-0.160946,37.645131,1.248797,0.002358,-0.015310
247.500000,51.509377,-0.160945,37.703124,1.224691,0.007492,0.007886
248.000000,51.509383,-0.160946,37.734093,1.245909,-0.010659,0.007916
248.500000,51.509388,-0.160947,37.763621,1.215286,-0.007300,-0.003989
249.000000,51.509394,-0.160947,37.695549,1.252644,-0.013963,-0.016939
249.500000,51.509400,-0.160947,37.744325,1.232359,-0.027287,-0.040102
250.000000,51.509405,-0.160946,37.808367,1.249877,-0.027746,-0.063736
250.500000,51.509411,-0.160948,37.859740,1.226197,-0.030295,0.020432
251.000000,51.509417,-0.160947,37.833053,1.237405,-0.036574,-0.037793
251.500000,51.509422,-0.160948,37.766227,1.254846,-0.028943,0.010616
252.000000,51.509428,-0.160949,37.714314,1.250171,-0.020883,0.009169
252.500000,51.509434,-0.160948,37.714244,1.252677,-0.006457,0.029852
253.000000,51.509440,-0.160947,37.746608,1.226200,-0.013713,0.018902
253.500000,51.509445,-0.160948,37.750655,1.234875,0.010283,-0.028480
254.000000,51.509451,-0.160948,37.684971,1.281309,-0.027674,0.067816
254.500000,51.509456,-0.160947,37.671780,1.252172,-0.024110,0.037975
255.000000,51.509461,-0.160949,37.720760,1.242742,-0.003643,0.025514
255.500000,51.509467,-0.160949,37.730922,1.253333,-0.014174,0.000874
256.000000,51.509471,-0.160948,37.707273,1.257057,-0.001074,-0.014945
256.500000,51.509477,-0.160948,37.738435,1.245932,0.026695,-0.017730
257.000000,51.509483,-0.160948,37.756313,1.259848,-0.002167,0.033958
257.500000,51.509488,-0.160948,37.693739,1.242049,0.016666,-0.025851
258.000000,51.509494,-0.160949,37.646556,1.239181,-0.025105,0.045690
258.500000,51.509499,-0.160949,37.663879,1.265364,-0.007328,-0.006876
259.000000,51.509504,-0.160949,37.654575,1.234300,0.021926,0.010596
259.500000,51.509509,-0.160950,37.615921,1.242907,0.010092,-0.008529
260.000000,51.509515,-0.160950,37.592788,1.265952,0.022390,-0.004925
260.500000,51.509521,-0.160949,37.602891,1.238101,0.036242,-0.025116
261.000000,51.509527,-0.160949,37.580186,1.259258,0.059965,-0.011720
261.500000,51.509532,-0.160950,37.638402,1.265332,0.046575,0.034135
262.000000,51.509537,-0.160949,37.665444,1.270386,0.075695,-0.006056
262.500000,51.509544,-0.160948,37.674114,1.270843,0.055101,-0.017794
263.000000,51.509550,-0.160948,37.699252,1.272618,0.064064,0.021910
263.500000,51.509555,-0.160947,37.667959,1.240497,0.034624,-0.008805
264.000000,51.509560,-0.160947,37.591491,1.236149,0.023057,0.003064
264.500000,51.509565,-0.160945,37.615389,1.245556,0.022722,0.023496
265.000000,51.509571,-0.160945,37.549914,1.235830,0.001889,-0.020444
265.500000,51.509576,-0.160945,37.559568,1.230947,-0.000524,-0.043829
266.000000,51.509573,-0.160953,37.852213,1.247970,0.030467,-0.032587
266.500000,51.509570,-0.160960,38.109376,1.008608,0.002510,0.008367
267.000000,51.509567,-0.160967,38.323972,0.769675,-0.016067,-0.027449
267.500000,51.509562,-0.160974,38.593853,0.506287,0.031615,0.007676
268.000000,51.509556,-0.160981,38.905177,0.259656,-0.005385,0.004824
268.500000,51.509549,-0.160987,39.118787,0.247588,0.023423,-0.038954
269.000000,51.509543,-0.160993,39.427979,0.211076,0.132990,0.022590
269.500000,51.509537,-0.160997,39.760661,0.197948,0.184266,-0.020998
270.000000,51.509531,-0.161001,40.065914,0.121589,0.249583,-0.004539
270.500000,51.509525,-0.161004,40.429811,0.073429,0.229183,0.013291
271.000000,51.509520,-0.161006,40.734753,0.004452,0.268997,-0.019037
271.500000,51.509514,-0.161008,41.040730,-0.064974,0.240496,-0.036707
272.000000,51.509509,-0.161011,41.381194,-0.156190,0.268870,-0.022476
272.500000,51.509503,-0.161012,41.703836,-0.171396,0.200588,-0.055125
273.000000,51.509498,-0.161015,42.012720,-0.239727,0.139516,-0.039913
273.500000,51.509491,-0.161020,42.382197,-0.207781,0.034381,-0.013809
274.000000,51.509487,-0.161022,42.642790,-0.250064,0.010167,-0.075141
274.500000,51.509482,-0.161023,42.915891,-0.497006,0.007334,0.016166
275.000000,51.509476,-0.161028,43.265547,-0.736404,0.011744,-0.023618
275.500000,51.509468,-0.161030,43.595922,-1.000952,-0.009558,0.010477
276.000000,51.509458,-0.161034,43.947484,-1.270002,-0.001380,-0.039920
276.500000,51.509457,-0.161028,44.063432,-1.287786,-0.004509,0.010517
277.000000,51.509457,-0.161023,44.137464,-1.272006,0.031512,0.028221
277.500000,51.509456,-0.161018,44.179424,-1.266999,0.019966,-0.032787
278.000000,51.509454,-0.161013,44.243669,-1.252424,0.021010,-0.000340
278.500000,51.509452,-0.161008,44.361571,-1.239461,0.013700,-0.025475
279.000000,51.509450,-0.161003,44.456245,-1.264588,-0.002427,0.005126
279.500000,51.509449,-0.160999,44.587125,-1.273348,0.010800,0.025018
280.000000,51.509446,-0.160996,44.653253,-1.269544,-0.000606,0.033109
280.500000,51.509443,-0.160993,44.728415,-1.253310,0.004562,-0.009310
281.000000,51.509441,-0.160989,44.750473,-1.241775,0.013453,-0.023351
281.500000,51.509438,-0.160987,44.881718,-1.242016,0.012102,0.048569
282.000000,51.509436,-0.160984,44.857355,-1.231533,-0.014624,0.038708
282.500000,51.509435,-0.160981,44.814134,-1.246603,0.007266,0.073540
283.000000,51.509432,-0.160977,44.832554,-1.246005,-0.007574,0.021644
283.500000,51.509430,-0.160973,44.810050,-1.247296,0.008053,-0.003879
284.000000,51.509427,-0.160971,44.837431,-1.254173,0.015565,0.000992
284.500000,51.509423,-0.160968,44.858012,-1.246720,0.026467,-0.003961
285.000000,51.509420,-0.160965,44.856789,-1.240826,0.054658,-0.021642
285.500000,51.509417,-0.160962,44.888759,-1.240175,0.060798,-0.003993
286.000000,51.509414,-0.160960,44.826788,-1.241938,0.068362,0.000169
286.500000,51.509409,-0.160957,44.846248,-1.236964,0.032045,-0.014920
287.000000,51.509406,-0.160954,44.783095,-1.266882,0.058635,0.044414
287.500000,51.509402,-0.160952,44.714425,-1.255445,0.035275,0.028145
288.000000,51.509398,-0.160949,44.629762,-1.279262,0.046718,-0.003345
288.500000,51.509395,-0.160947,44.612013,-1.258514,0.016345,-0.003676
289.000000,51.509391,-0.160945,44.666308,-1.247828,0.036701,0.020469
289.500000,51.509387,-0.160943,44.692381,-1.259210,0.018546,-0.006576
290.000000,51.509383,-0.160941,44.673615,-1.266756,-0.007250,-0.029714
290.500000,51.509378,-0.160940,44.648627,-1.268510,0.008299,-0.028489
291.000000,51.509374,-0.160938,44.655206,-1.281097,0.014453,-0.011870
291.500000,51.509371,-0.160936,44.617428,-1.253703,0.001860,0.012665
292.000000,51.509366,-0.160936,44.618529,-1.271444,-0.014190,0.005296
292.500000,51.509362,-0.160935,44.575778,-1.275838,-0.008445,-0.031518
293.000000,51.509358,-0.160934,44.537072,-1.258356,-0.005539,0.009160
293.500000,51.509354,-0.160933,44.420321,-1.248603,-0.027730,0.002246
294.000000,51.509349,-0.160933,44.395161,-1.232228,-0.041706,-0.019606
294.500000,51.509344,-0.160933,44.446985,-1.249928,-0.020186,-0.082074
295.000000,51.509340,-0.160932,44.421467,-1.245654,-0.033970,-0.052805
295.500000,51.509335,-0.160932,44.471709,-1.232451,-0.044504,-0.042590
296.000000,51.509331,-0.160930,44.377979,-1.248183,-0.041931,-0.064955
296.500000,51.509326,-0.160930,44.361794,-1.222235,-0.007816,-0.040867
297.000000,51.509322,-0.160929,44.404588,-1.253088,0.036920,-0.026107
297.500000,51.509317,-0.160929,44.423991,-1.217208,-0.010846,-0.051284
298.000000,51.509313,-0.160929,44.379466,-1.265568,-0.012932,-0.017374
298.500000,51.509307,-0.160928,44.358752,-1.265880,-0.025558,0.024622
299.000000,51.509303,-0.160927,44.235150,-1.234121,-0.015909,0.031567
299.500000,51.509299,-0.160927,44.163092,-1.238539,-0.055106,0.056696
300.000000,51.509295,-0.160927,44.104600,-1.237480,-0.053312,-0.022590
300.500000,51.509290,-0.160927,43.991450,-1.273368,-0.005473,0.011667
301.000000,51.509285,-0.160926,43.965760,-1.254852,-0.001720,0.005709
301.500000,51.509280,-0.160925,43.995301,-1.230453,-0.028958,-0.054167
302.000000,51.509275,-0.160925,43.919310,-1.239474,-0.016592,-0.005988
302.500000,51.509269,-0.160924,43.888019,-1.234748,0.006035,-0.029063
303.000000,51.509264,-0.160924,43.934884,-1.226774,0.011993,-0.033828
303.500000,51.509260,-0.160923,43.887943,-1.249886,-0.016411,0.016363
304.000000,51.509254,-0.160923,43.822133,-1.220400,-0.010034,0.011572
304.500000,51.509249,-0.160923,43.657230,-1.274237,0.002099,0.060245
305.000000,51.509244,-0.160925,43.655116,-1.253291,0.017573,-0.000201
305.500000,51.509239,-0.160925,43.632754,-0.966869,0.004703,0.038904
306.000000,51.509236,-0.160924,43.577884,-0.754324,0.021641,-0.001984
306.500000,51.509233,-0.160923,43.560030,-0.503256,-0.032447,0.003816
307.000000,51.509232,-0.160923,43.593661,-0.240486,-0.010612,0.002388
307.500000,51.509231,-0.160924,43.569868,-0.252367,0.072051,-0.019893
308.000000,51.509230,-0.160922,43.469310,-0.208798,0.114049,-0.001729
308.500000,51.509230,-0.160921,43.430306,-0.160553,0.182010,-0.033829
309.000000,51.509230,-0.160919,43.454826,-0.119177,0.231545,-0.040331
309.500000,51.509230,-0.160917,43.458673,-0.075655,0.246264,-0.027047
310.000000,51.509231,-0.160917,43.417416,0.003976,0.220373,0.016298
310.500000,51.509231,-0.160915,43.321886,0.078162,0.244484,0.023861
311.000000,51.509232,-0.160911,43.290084,0.108306,0.241418,0.011255
311.500000,51.509233,-0.160910,43.209046,0.155764,0.182991,0.013947
312.000000,51.509234,-0.160908,43.258854,0.227715,0.130905,-0.027241
312.500000,51.509237,-0.160908,43.264298,0.215984,0.093679,0.015776
313.000000,51.509238,-0.160905,43.213425,0.224906,0.018158,-0.009172
313.500000,51.509239,-0.160904,43.194554,0.487261,0.002465,-0.017352
314.000000,51.509243,-0.160904,43.191817,0.749985,0.017050,-0.017897
314.500000,51.509247,-0.160904,43.056174,0.974975,0.005660,0.008973
315.000000,51.509253,-0.160904,42.991660,1.239761,0.002486,0.010104
315.500000,51.509258,-0.160904,42.956721,1.235973,0.001427,-0.004775
316.000000,51.509264,-0.160904,42.906392,1.238816,0.036049,-0.018309
316.500000,51.509270,-0.160903,42.925219,1.250252,-0.005473,-0.020019
317.000000,51.509275,-0.160904,42.899800,1.269994,0.009801,0.008975
317.500000,51.509281,-0.160905,42.827824,1.260711,0.030602,0.012806
318.000000,51.509286,-0.160904,42.792063,1.253461,0.017238,-0.027908
318.500000,51.509292,-0.160904,42.646154,1.253739,0.005591,-0.015592
319.000000,51.509298,-0.160905,42.639001,1.250817,-0.003327,-0.007105
319.500000,51.509304,-0.160906,42.676434,1.247361,-0.003729,-0.018387
320.000000,51.509310,-0.160906,42.629679,1.256944,0.003244,-0.084241
320.500000,51.509316,-0.160907,42.641515,1.258775,-0.000119,-0.027072
321.000000,51.509322,-0.160908,42.472735,1.258032,-0.016676,-0.019320
321.500000,51.509328,-0.160908,42.391814,1.229798,-0.003796,-0.009108
322.000000,51.509333,-0.160908,42.409537,1.226522,0.002457,0.056574
322.500000,51.509339,-0.160908,42.335974,1.241765,-0.021657,0.029797
323.000000,51.509345,-0.160909,42.316158,1.254055,-0.031607,0.104190
323.500000,51.509351,-0.160910,42.258131,1.252303,-0.022859,0.042648
324.000000,51.509356,-0.160910,42.234094,1.232274,0.002306,0.023121
324.500000,51.509361,-0.160910,42.139263,1.250500,-0.022172,0.015705
325.000000,51.509367,-0.160911,42.029653,1.281090,-0.047975,0.020735
325.500000,51.509373,-0.160912,41.940714,1.255924,-0.028775,0.012011
326.000000,51.509378,-0.160912,41.857536,1.252207,0.029370,0.036486
326.500000,51.509384,-0.160912,41.830206,1.261449,-0.020378,0.040939
327.000000,51.509390,-0.160912,41.805026,1.274830,-0.013363,0.040893
327.500000,51.509395,-0.160912,41.696352,1.262460,-0.013321,0.057004
328.000000,51.509401,-0.160912,41.640603,1.229957,-0.008941,0.039896
328.500000,51.509407,-0.160912,41.621073,1.238416,-0.008341,-0.028515
329.000000,51.509413,-0.160912,41.583509,1.227459,-0.018320,0.000650
329.500000,51.509418,-0.160913,41.523954,1.252565,-0.020678,-0.013278
330.000000,51.509423,-0.160913,41.532082,1.262030,0.013895,-0.039195
330.500000,51.509430,-0.160912,41.619260,1.241830,0.024546,-0.041909
331.000000,51.509435,-0.160912,41.593413,1.233360,0.028164,-0.017893
331.500000,51.509441,-0.160913,41.564986,1.268232,0.031517,-0.042451
332.000000,51.509447,-0.160912,41.506358,1.234186,0.000190,-0.015048
332.500000,51.509453,-0.160912,41.458769,1.242684,0.013712,-0.022142
333.000000,51.509458,-0.160913,41.396861,1.274982,-0.027203,0.040560
333.500000,51.509465,-0.160911,41.403102,1.237771,0.007154,-0.039473
334.000000,51.509470,-0.160909,41.405852,1.240124,0.001553,0.019676
334.500000,51.509475,-0.160909,41.377320,1.256656,-0.019229,0.011457
335.000000,51.509482,-0.160909,41.374682,1.237951,0.003917,0.023635
335.500000,51.509487,-0.160909,41.345712,1.248560,0.010265,0.046021
336.000000,51.509493,-0.160907,41.361409,1.237912,0.002157,-0.000720
336.500000,51.509499,-0.160905,41.356466,1.241433,0.026719,0.012121
337.000000,51.509504,-0.160905,41.341339,1.264638,-0.002244,-0.033106
337.500000,51.509510,-0.160905,41.289619,1.255048,-0.019472,0.004837
338.000000,51.509516,-0.160905,41.248880,1.242418,0.018518,-0.014368
338.500000,51.509520,-0.160905,41.146862,1.254203,-0.014049,0.018366
339.000000,51.509526,-0.160905,41.082488,1.223007,0.016002,-0.018287
339.500000,51.509531,-0.160905,41.125223,1.248996,-0.009196,-0.011659
340.000000,51.509537,-0.160905,41.069174,1.242189,-0.016514,-0.011986
340.500000,51.509543,-0.160906,41.049270,1.254082,0.005137,-0.012429
341.000000,51.509548,-0.160906,41.055151,1.243808,0.026483,0.028795
341.500000,51.509554,-0.160906,41.063880,1.269418,0.001363,-0.028645
342.000000,51.509561,-0.160907,41.063442,1.275342,-0.013571,0.056823
342.500000,51.509566,-0.160907,40.966888,1.246789,-0.008396,0.023824
343.000000,51.509571,-0.160907,40.867118,1.245369,-0.000971,0.067078
343.500000,51.509577,-0.160906,40.857260,1.229459,0.012229,0.013105
344.000000,51.509574,-0.160914,41.101138,1.245417,-0.050142,0.007791
344.500000,51.509570,-0.160923,41.321137,0.987107,-0.010754,0.004570
345.000000,51.509566,-0.160930,41.652866,0.737912,0.016338,-0.021935
345.500000,51.509561,-0.160938,41.932999,0.504593,0.013227,-0.001612
346.000000,51.509555,-0.160945,42.166803,0.233654,0.009029,-0.042367
346.500000,51.509549,-0.160950,42.438178,0.206554,0.072624,-0.007995
347.000000,51.509543,-0.160954,42.683852,0.180951,0.130678,-0.016213
347.500000,51.509536,-0.160960,42.914774,0.159877,0.141495,0.036970
348.000000,51.509531,-0.160964,43.221471,0.123820,0.217049,-0.023203
348.500000,51.509525,-0.160968,43.489888,0.065537,0.194039,0.026269
349.000000,51.509519,-0.160972,43.769663,-0.019129,0.257171,-0.025040
349.500000,51.509512,-0.160976,44.082163,-0.055544,0.225563,0.014635
350.000000,51.509505,-0.160978,44.341608,-0.107552,0.193698,0.017092
350.500000,51.509500,-0.160982,44.660645,-0.156249,0.164865,-0.055823
351.000000,51.509494,-0.160985,44.953587,-0.206989,0.117676,0.014107
351.500000,51.509488,-0.160988,45.237511,-0.245876,0.053088,-0.018129
352.000000,51.509482,-0.160991,45.498518,-0.249008,-0.008603,-0.028486
352.500000,51.509476,-0.160995,45.857078,-0.505567,-0.009388,-0.013859
353.000000,51.509469,-0.160998,46.177366,-0.761068,-0.028941,0.048691
353.500000,51.509461,-0.161001,46.504161,-1.029095,-0.017134,0.031474
354.000000,51.509452,-0.161005,46.800625,-1.241987,-0.040770,-0.037927
354.500000,51.509451,-0.161000,46.929548,-1.251321,0.019226,-0.030538
355.000000,51.509451,-0.160995,46.971498,-1.241760,-0.009115,-0.026854
355.500000,51.509451,-0.160990,47.031717,-1.260108,0.003995,-0.022537
356.000000,51.509450,-0.160986,47.091412,-1.244317,-0.002764,-0.010655
356.500000,51.509448,-0.160981,47.194355,-1.230008,-0.015182,-0.025370
357.000000,51.509446,-0.160977,47.277280,-1.283675,-0.002413,-0.041213
357.500000,51.509445,-0.160973,47.264400,-1.264080,0.025739,-0.077732
358.000000,51.509443,-0.160968,47.270886,-1.272714,0.038862,-0.043310
358.500000,51.509441,-0.160964,47.288285,-1.262767,0.040081,-0.040665
359.000000,51.509439,-0.160960,47.405647,-1.271169,0.016469,-0.040166
359.500000,51.509436,-0.160955,47.500119,-1.267153,0.020954,-0.021520
360.000000,51.509434,-0.160952,47.560503,-1.266864,-0.000286,-0.021690
360.500000,51.509431,-0.160949,47.625169,-1.261683,-0.000002,-0.033090
361.000000,51.509428,-0.160947,47.576777,-1.256391,-0.015320,-0.021164
361.500000,51.509426,-0.160944,47.611407,-1.251283,-0.008969,-0.048871
362.000000,51.509423,-0.160941,47.567672,-1.266352,0.001179,0.011491
362.500000,51.509420,-0.160938,47.592299,-1.241362,-0.000494,-0.028437
363.000000,51.509417,-0.160935,47.624556,-1.271152,0.013598,-0.063358
363.500000,51.509414,-0.160932,47.606691,-1.233295,0.004960,-0.001771
364.000000,51.509410,-0.160929,47.623112,-1.237729,-0.003597,0.010057
364.500000,51.509407,-0.160928,47.558681,-1.251498,0.010592,0.003956
365.000000,51.509404,-0.160924,47.497021,-1.264296,0.019433,-0.003840
365.500000,51.509400,-0.160923,47.433493,-1.254170,0.002890,-0.030472
366.000000,51.509397,-0.160922,47.486892,-1.295713,0.002952,-0.005225
366.500000,51.509393,-0.160920,47.428521,-1.249883,0.017414,0.016806
367.000000,51.509389,-0.160920,47.445370,-1.238818,0.008987,0.003264
367.500000,51.509385,-0.160918,47.458968,-1.257382,0.049324,0.014286
368.000000,51.509381,-0.160916,47.367607,-1.252073,0.011993,0.013457
368.500000,51.509377,-0.160915,47.333155,-1.245171,0.005034,-0.007014
369.000000,51.509373,-0.160914,47.301825,-1.247413,-0.025542,0.005805
369.500000,51.509369,-0.160913,47.285589,-1.260431,0.027644,-0.038924
370.000000,51.509364,-0.160910,47.250008,-1.235017,0.008519,0.013993
370.500000,51.509361,-0.160909,47.161927,-1.222029,0.005832,-0.008578
371.000000,51.509357,-0.160908,47.109783,-1.240038,0.003981,-0.001652
371.500000,51.509352,-0.160906,47.056107,-1.231200,-0.019845,-0.034557
372.000000,51.509347,-0.160905,47.005583,-1.249472,0.006757,0.013564
372.500000,51.509343,-0.160904,46.891297,-1.222731,-0.016310,0.029042
373.000000,51.509340,-0.160902,46.840700,-1.249529,0.016269,0.012072
373.500000,51.509335,-0.160901,46.780241,-1.242562,0.036256,0.007687
374.000000,51.509330,-0.160899,46.808764,-1.243184,0.026997,-0.011894
374.500000,51.509326,-0.160899,46.738130,-1.252369,0.030043,-0.012232
375.000000,51.509321,-0.160899,46.688530,-1.262685,0.030240,-0.077686
375.500000,51.509316,-0.160899,46.557594,-1.242663,0.015503,-0.071449
376.000000,51.509311,-0.160897,46.491709,-1.276255,0.028758,-0.036959
376.500000,51.509306,-0.160895,46.483370,-1.271274,0.031541,-0.032283
377.000000,51.509301,-0.160895,46.463407,-1.231216,-0.011384,-0.017430
377.500000,51.509296,-0.160894,46.350820,-1.249098,0.012992,0.022525
378.000000,51.509291,-0.160895,46.319097,-1.234622,0.010248,-0.016179
378.500000,51.509286,-0.160895,46.296691,-1.275386,0.025829,-0.019722
379.000000,51.509282,-0.160896,46.278921,-1.243889,0.011871,0.013006
379.500000,51.509277,-0.160895,46.238678,-1.262330,-0.037209,0.038726
380.000000,51.509271,-0.160894,46.112304,-1.249447,-0.026875,0.057196
380.500000,51.509266,-0.160893,46.037572,-1.272059,-0.030015,0.066266
381.000000,51.509262,-0.160892,45.914465,-1.244056,-0.037381,0.070076
381.500000,51.509258,-0.160891,45.898705,-1.238619,-0.000255,-0.012910
382.000000,51.509253,-0.160891,45.940196,-1.253544,-0.035759,0.006860
382.500000,51.509249,-0.160892,45.857280,-1.258303,-0.001598,-0.034159
383.000000,51.509244,-0.160891,45.857391,-1.249652,-0.041855,-0.032022
383.500000,51.509240,-0.160890,45.815407,-0.998509,0.010585,-0.006089
384.000000,51.509236,-0.160890,45.736759,-0.750745,0.011127,-0.016021
384.500000,51.509234,-0.160890,45.724558,-0.509680,-0.004407,-0.017142
385.000000,51.509233,-0.160890,45.692932,-0.252433,-0.013472,-0.012689
385.500000,51.509232,-0.160890,45.677416,-0.261609,0.061734,-0.026332
386.000000,51.509231,-0.160888,45.724828,-0.219729,0.137863,0.022200
386.500000,51.509231,-0.160885,45.670261,-0.179176,0.154510,0.046943
387.000000,51.509231,-0.160885,45.596658,-0.106563,0.224051,0.032561
387.500000,51.509231,-0.160884,45.502736,-0.060854,0.252988,0.018403
388.000000,51.509231,-0.160882,45.448847,-0.005956,0.282465,-0.021951
388.500000,51.509232,-0.160880,45.376518,0.057993,0.244908,-0.000159
389.000000,51.509232,-0.160879,45.236296,0.105494,0.233814,-0.003464
389.500000,51.509233,-0.160878,45.229145,0.184289,0.149922,0.008238
390.000000,51.509235,-0.160877,45.079544,0.194677,0.135104,-0.003006
390.500000,51.509236,-0.160877,45.046923,0.248035,0.076385,-0.001700
391.000000,51.509237,-0.160877,45.094650,0.265109,-0.020232,-0.006850
391.500000,51.509239,-0.160876,45.056070,0.488541,0.011622,-0.059897
392.000000,51.509242,-0.160877,45.031533,0.760960,0.024606,-0.016840
392.500000,51.509247,-0.160878,45.021964,1.006549,-0.000574,0.002418
393.000000,51.509252,-0.160878,44.906236,1.253568,-0.022677,0.013979
393.500000,51.509259,-0.160878,44.858602,1.252139,-0.004068,0.064735
394.000000,51.509265,-0.160878,44.777092,1.264561,-0.034313,-0.004105
394.500000,51.509271,-0.160878,44.781683,1.250876,-0.060619,0.058512
395.000000,51.509276,-0.160877,44.686998,1.224924,-0.008100,0.063245
395.500000,51.509281,-0.160878,44.639481,1.246050,0.014115,-0.033553
396.000000,51.509287,-0.160878,44.563419,1.246025,-0.029093,-0.019610
396.500000,51.509294,-0.160877,44.494282,1.231478,-0.009477,-0.012295
397.000000,51.509299,-0.160877,44.527475,1.249397,-0.037976,-0.005733
397.500000,51.509304,-0.160876,44.560070,1.229394,-0.026735,0.031682
398.000000,51.509310,-0.160877,44.523349,1.252274,-0.017733,-0.054225
398.500000,51.509316,-0.160877,44.481308,1.258117,-0.009688,0.001652
399.000000,51.509322,-0.160877,44.489574,1.279759,-0.036853,-0.006001
399.500000,51.509328,-0.160877,44.431152,1.242247,-0.000074,-0.023438
400.000000,51.509333,-0.160877,44.457731,1.234680,0.032918,-0.029496
400.500000,51.509339,-0.160876,44.375520,1.263182,-0.011093,-0.028549
401.000000,51.509345,-0.160877,44.366235,1.219295,0.024903,-0.045431
401.500000,51.509350,-0.160877,44.278707,1.261762,-0.000669,-0.052157
402.000000,51.509356,-0.160876,44.150311,1.250790,-0.023034,-0.042202
402.500000,51.509363,-0.160877,44.036596,1.241349,-0.038899,0.008910
403.000000,51.509369,-0.160877,43.981313,1.257036,-0.048650,0.029484
403.500000,51.509375,-0.160878,43.898917,1.254531,-0.055270,-0.019524
404.000000,51.509380,-0.160876,43.900479,1.246637,-0.050392,-0.048734
404.500000,51.509385,-0.160877,43.804796,1.252812,-0.032002,-0.041482
405.000000,51.509391,-0.160876,43.775227,1.206891,0.004044,-0.018297
405.500000,51.509397,-0.160877,43.834385,1.242292,-0.021306,-0.009450
406.000000,51.509402,-0.160877,43.807559,1.239125,0.011993,0.011937
406.500000,51.509408,-0.160876,43.713799,1.239766,0.001331,-0.012719
407.000000,51.509413,-0.160876,43.663671,1.234597,-0.003700,0.052087
407.500000,51.509419,-0.160876,43.559699,1.249511,-0.007023,-0.001943
408.000000,51.509424,-0.160875,43.468576,1.271843,0.003548,-0.001103
408.500000,51.509430,-0.160875,43.425934,1.240216,0.024588,-0.050192
409.000000,51.509436,-0.160876,43.476858,1.222562,0.009186,0.064613
409.500000,51.509441,-0.160876,43.334738,1.265268,0.024360,0.004431
410.000000,51.509447,-0.160876,43.253573,1.256085,0.004759,0.042551
410.500000,51.509453,-0.160875,43.200833,1.233639,0.026698,0.023143
411.000000,51.509458,-0.160876,43.157353,1.249531,0.022738,0.073533
411.500000,51.509464,-0.160875,43.055835,1.229613,0.029039,0.020407
412.000000,51.509470,-0.160876,42.963890,1.237677,0.008887,-0.010839
412.500000,51.509474,-0.160876,42.936517,1.246448,0.027668,-0.017585
413.000000,51.509479,-0.160875,43.021111,1.225441,0.033295,-0.000915
413.500000,51.509485,-0.160875,42.963247,1.256387,0.001845,0.013497
414.000000,51.509491,-0.160875,42.909698,1.230941,0.009442,0.006425
414.500000,51.509496,-0.160875,42.835826,1.240477,-0.015388,-0.020539
415.000000,51.509502,-0.160875,42.833330,1.229583,-0.014403,-0.051471
415.500000,51.509507,-0.160877,42.767999,1.236894,-0.013357,0.059927
416.000000,51.509513,-0.160878,42.735486,1.269761,-0.033193,0.023987
416.500000,51.509519,-0.160878,42.783099,1.211174,0.022167,-0.008763
417.000000,51.509524,-0.160878,42.814169,1.239185,-0.028351,-0.076888
417.500000,51.509531,-0.160878,42.767763,1.233577,-0.049143,0.001506
418.000000,51.509537,-0.160880,42.720736,1.250730,-0.018320,-0.064831
418.500000,51.509543,-0.160880,42.631034,1.241012,-0.017802,-0.021661
419.000000,51.509549,-0.160880,42.625803,1.238766,0.005158,-0.037472
419.500000,51.509555,-0.160880,42.557951,1.235024,0.008656,-0.014549
420.000000,51.509560,-0.160880,42.475892,1.239815,-0.017640,-0.015230
420.500000,51.509565,-0.160879,42.449381,1.226703,0.015715,0.006385
421.000000,51.509570,-0.160879,42.510932,1.258351,0.020747,-0.026011
421.500000,51.509576,-0.160879,42.486933,1.233067,0.022288,0.008846
422.000000,51.509572,-0.160886,42.707011,1.248802,-0.007548,0.052801
422.500000,51.509568,-0.160895,42.944563,0.975369,0.010811,-0.001498
423.000000,51.509564,-0.160901,43.114047,0.747716,-0.008357,0.000075
423.500000,51.509559,-0.160909,43.346697,0.496236,-0.004175,0.057667
424.000000,51.509552,-0.160916,43.524186,0.281771,0.010979,-0.024957
424.500000,51.509545,-0.160922,43.801656,0.122003,-0.003251,-0.032284
425.000000,51.509537,-0.160928,44.061801,-0.005231,-0.007467,-0.009383
